window,window_mid,side,feature,label,beta,se,lo95,hi95,sign_convention
1997-1999,1998.0,D,ast,AST (defense),0.11088709293294383,0.05700852575942321,-0.0008496175555256641,0.2226238034214133,D flipped: positive = good on both sides
2000-2002,2001.0,D,ast,AST (defense),0.05395195332921705,0.054824170183839276,-0.05350342023110792,0.161407326889542,D flipped: positive = good on both sides
2003-2005,2004.0,D,ast,AST (defense),0.09501169583362713,0.057631203459546775,-0.017945462947084545,0.2079688546143388,D flipped: positive = good on both sides
2006-2008,2007.0,D,ast,AST (defense),0.20254202821023562,0.054433515476900285,0.09585233787551106,0.3092317185449602,D flipped: positive = good on both sides
2009-2011,2010.0,D,ast,AST (defense),0.0867065881001834,0.055819428710587926,-0.022699492172568933,0.19611266837293573,D flipped: positive = good on both sides
2012-2014,2013.0,D,ast,AST (defense),0.11060958942718582,0.054242544951885435,0.0042942013214903735,0.21692497753288126,D flipped: positive = good on both sides
2015-2017,2016.0,D,ast,AST (defense),0.16834215266540692,0.05528032135987088,0.05999272280005999,0.2766915825307539,D flipped: positive = good on both sides
2018-2020,2019.0,D,ast,AST (defense),0.12453382712522884,0.05626870730030193,0.014247160816637058,0.2348204934338206,D flipped: positive = good on both sides
2021-2023,2022.0,D,ast,AST (defense),0.20274008133997545,0.054301636126004305,0.09630887453300702,0.3091712881469439,D flipped: positive = good on both sides
2024-2026,2025.0,D,ast,AST (defense),0.1401866674644399,0.05154205303871274,0.03916424350856293,0.24120909142031685,D flipped: positive = good on both sides
1997-1999,1998.0,D,blk,BLK (defense),0.7288688403258818,0.11526827861571202,0.5029430142390863,0.9547946664126774,D flipped: positive = good on both sides
2000-2002,2001.0,D,blk,BLK (defense),0.9652652415170158,0.1165594071619441,0.7368088034796053,1.193721679554426,D flipped: positive = good on both sides
2003-2005,2004.0,D,blk,BLK (defense),0.9412908672494694,0.11668756320650553,0.7125832433647186,1.1699984911342203,D flipped: positive = good on both sides
2006-2008,2007.0,D,blk,BLK (defense),0.9463878173803388,0.1206892523038941,0.7098368828647064,1.1829387518959713,D flipped: positive = good on both sides
2009-2011,2010.0,D,blk,BLK (defense),0.6715000172660717,0.13753814792099328,0.40192524734092483,0.9410747871912185,D flipped: positive = good on both sides
2012-2014,2013.0,D,blk,BLK (defense),0.8680068977386235,0.13587129505095488,0.601699159438752,1.134314636038495,D flipped: positive = good on both sides
2015-2017,2016.0,D,blk,BLK (defense),0.9070832345726089,0.14255109929575455,0.6276830799529299,1.1864833891922877,D flipped: positive = good on both sides
2018-2020,2019.0,D,blk,BLK (defense),1.0501640972303967,0.1566800144253158,0.7430712689567778,1.3572569255040157,D flipped: positive = good on both sides
2021-2023,2022.0,D,blk,BLK (defense),0.9953447480922135,0.16309136145846237,0.6756856796336272,1.3150038165507998,D flipped: positive = good on both sides
2024-2026,2025.0,D,blk,BLK (defense),1.2409715102580878,0.15074603187183913,0.9455092877892831,1.5364337327268927,D flipped: positive = good on both sides
1997-1999,1998.0,D,drb,DRB (defense),0.5573375368421571,0.06562414252298697,0.4287142174971027,0.6859608561872116,D flipped: positive = good on both sides
2000-2002,2001.0,D,drb,DRB (defense),0.5084919236945701,0.06369306625471079,0.38365351383533697,0.6333303335538032,D flipped: positive = good on both sides
2003-2005,2004.0,D,drb,DRB (defense),0.41183857900231646,0.0647370150853703,0.2849540294349907,0.5387231285696422,D flipped: positive = good on both sides
2006-2008,2007.0,D,drb,DRB (defense),0.44334906228975635,0.060982790056804244,0.32382279377842005,0.5628753308010926,D flipped: positive = good on both sides
2009-2011,2010.0,D,drb,DRB (defense),0.48695419085246583,0.05848911730378847,0.37231552093704046,0.6015928607678912,D flipped: positive = good on both sides
2012-2014,2013.0,D,drb,DRB (defense),0.3888247669485986,0.05902820948691073,0.27312947635425355,0.5045200575429436,D flipped: positive = good on both sides
2015-2017,2016.0,D,drb,DRB (defense),0.4229423116023199,0.056430941578846885,0.31233766610777997,0.5335469570968597,D flipped: positive = good on both sides
2018-2020,2019.0,D,drb,DRB (defense),0.37488591192425896,0.054511006109641644,0.26804433994936133,0.4817274838991566,D flipped: positive = good on both sides
2021-2023,2022.0,D,drb,DRB (defense),0.29485937474716745,0.055227714988629356,0.1866130533694539,0.403105696124881,D flipped: positive = good on both sides
2024-2026,2025.0,D,drb,DRB (defense),0.3709031417865306,0.05701710024220334,0.25914962531181207,0.48265665826124915,D flipped: positive = good on both sides
1997-1999,1998.0,D,fg2_miss,2P miss (defense),-0.37387758192456855,0.06697806053901806,-0.5051545805810439,-0.24260058326809317,D flipped: positive = good on both sides
2000-2002,2001.0,D,fg2_miss,2P miss (defense),-0.3475805978604132,0.06593679914077881,-0.47681672417633963,-0.21834447154448672,D flipped: positive = good on both sides
2003-2005,2004.0,D,fg2_miss,2P miss (defense),-0.28175990713417304,0.06674677132535084,-0.4125835789318607,-0.1509362353364854,D flipped: positive = good on both sides
2006-2008,2007.0,D,fg2_miss,2P miss (defense),-0.16059429727607322,0.06597293782147515,-0.2899012554061645,-0.03128733914598192,D flipped: positive = good on both sides
2009-2011,2010.0,D,fg2_miss,2P miss (defense),-0.19385920800258563,0.06780439759058401,-0.3267558272801303,-0.060962588725040956,D flipped: positive = good on both sides
2012-2014,2013.0,D,fg2_miss,2P miss (defense),-0.23202291287402765,0.06275276613856676,-0.3550183345056185,-0.10902749124243681,D flipped: positive = good on both sides
2015-2017,2016.0,D,fg2_miss,2P miss (defense),-0.31069477449921057,0.06749158187203248,-0.44297827496839426,-0.1784112740300269,D flipped: positive = good on both sides
2018-2020,2019.0,D,fg2_miss,2P miss (defense),-0.16363629689940606,0.07197509959315165,-0.30470749210198333,-0.02256510169682882,D flipped: positive = good on both sides
2021-2023,2022.0,D,fg2_miss,2P miss (defense),-0.29466630195601523,0.07309707453907159,-0.4379365680525955,-0.15139603585943492,D flipped: positive = good on both sides
2024-2026,2025.0,D,fg2_miss,2P miss (defense),-0.2023656796120805,0.08163052302108476,-0.3623615047334066,-0.042369854490754366,D flipped: positive = good on both sides
1997-1999,1998.0,D,fg2m,2PM (defense),0.24836974351172153,0.07795115824131536,0.09558547335874343,0.4011540136646996,D flipped: positive = good on both sides
2000-2002,2001.0,D,fg2m,2PM (defense),0.12758637112989413,0.07593635484998658,-0.021248884376079552,0.2764216266358678,D flipped: positive = good on both sides
2003-2005,2004.0,D,fg2m,2PM (defense),-0.007958851264899959,0.07905023592055763,-0.16289731366919288,0.14697961113939298,D flipped: positive = good on both sides
2006-2008,2007.0,D,fg2m,2PM (defense),-0.02354267451374709,0.0751320045426734,-0.17080140341738695,0.12371605438989278,D flipped: positive = good on both sides
2009-2011,2010.0,D,fg2m,2PM (defense),0.07981034615260338,0.07669563226355332,-0.07051309308396111,0.23013378538916787,D flipped: positive = good on both sides
2012-2014,2013.0,D,fg2m,2PM (defense),-0.024703652890458096,0.07448333060327549,-0.17069098087287804,0.12128367509196186,D flipped: positive = good on both sides
2015-2017,2016.0,D,fg2m,2PM (defense),0.0844180235788006,0.07689858798741252,-0.06630320887652794,0.23513925603412913,D flipped: positive = good on both sides
2018-2020,2019.0,D,fg2m,2PM (defense),-0.10052953968714615,0.07515713908155335,-0.2478375322869907,0.046778452912698415,D flipped: positive = good on both sides
2021-2023,2022.0,D,fg2m,2PM (defense),0.1759610051278946,0.07246882324350827,0.03392211157061839,0.31799989868517076,D flipped: positive = good on both sides
2024-2026,2025.0,D,fg2m,2PM (defense),0.01614547828489958,0.07407473757394066,-0.1290410073600241,0.1613319639298233,D flipped: positive = good on both sides
1997-1999,1998.0,D,fg3_miss,3P miss (defense),-0.0682182751822545,0.13025621219580114,-0.32352045108602473,0.18708390072151576,D flipped: positive = good on both sides
2000-2002,2001.0,D,fg3_miss,3P miss (defense),-0.030478824939243254,0.1318627963935071,-0.28892990587051715,0.22797225599203064,D flipped: positive = good on both sides
2003-2005,2004.0,D,fg3_miss,3P miss (defense),-0.3795591778414409,0.1371254359513874,-0.6483250323061602,-0.1107933233767216,D flipped: positive = good on both sides
2006-2008,2007.0,D,fg3_miss,3P miss (defense),-0.17062781090758633,0.12402930901205678,-0.4137252565712176,0.07246963475604495,D flipped: positive = good on both sides
2009-2011,2010.0,D,fg3_miss,3P miss (defense),-0.29669087750448264,0.12082333882898874,-0.5335046216093006,-0.05987713339966472,D flipped: positive = good on both sides
2012-2014,2013.0,D,fg3_miss,3P miss (defense),-0.18538028337652482,0.10840199170862809,-0.3978481871254359,0.02708762037238624,D flipped: positive = good on both sides
2015-2017,2016.0,D,fg3_miss,3P miss (defense),-0.2669471808540095,0.10187166352655741,-0.46661564136606204,-0.06727872034195695,D flipped: positive = good on both sides
2018-2020,2019.0,D,fg3_miss,3P miss (defense),-0.25882128766752677,0.0940534567227365,-0.4431660628440903,-0.07447651249096324,D flipped: positive = good on both sides
2021-2023,2022.0,D,fg3_miss,3P miss (defense),-0.11400761854573677,0.0838449308509429,-0.2783436830135848,0.0503284459221113,D flipped: positive = good on both sides
2024-2026,2025.0,D,fg3_miss,3P miss (defense),-0.162354063054666,0.08545423864661505,-0.3298443708020315,0.005136244692699521,D flipped: positive = good on both sides
1997-1999,1998.0,D,fg3m,3PM (defense),-0.3786968365888047,0.21873469358989134,-0.8074168360249917,0.050023162847382285,D flipped: positive = good on both sides
2000-2002,2001.0,D,fg3m,3PM (defense),-0.28973158371695057,0.2221527514539596,-0.7251509765667115,0.14568780913281026,D flipped: positive = good on both sides
2003-2005,2004.0,D,fg3m,3PM (defense),0.3518322954334736,0.22949565954595688,-0.09797919727660187,0.8016437881435491,D flipped: positive = good on both sides
2006-2008,2007.0,D,fg3m,3PM (defense),0.09399125316039894,0.2025772193984574,-0.30306009686057755,0.4910426031813755,D flipped: positive = good on both sides
2009-2011,2010.0,D,fg3m,3PM (defense),0.259208981930134,0.1968487711817122,-0.12661460958602194,0.6450325734462898,D flipped: positive = good on both sides
2012-2014,2013.0,D,fg3m,3PM (defense),-0.18080909101553636,0.1732171726238671,-0.5203147493583159,0.15869656732724316,D flipped: positive = good on both sides
2015-2017,2016.0,D,fg3m,3PM (defense),0.26363116900558103,0.16775086667795525,-0.06516052968321123,0.5924228676943732,D flipped: positive = good on both sides
2018-2020,2019.0,D,fg3m,3PM (defense),0.14505699307989933,0.1531353276994922,-0.15508824921110537,0.44520223537090403,D flipped: positive = good on both sides
2021-2023,2022.0,D,fg3m,3PM (defense),0.11320549893341893,0.13003099609462968,-0.14165525341205526,0.3680662512788931,D flipped: positive = good on both sides
2024-2026,2025.0,D,fg3m,3PM (defense),0.3250566054478822,0.13271123697267972,0.06494258098142991,0.5851706299143344,D flipped: positive = good on both sides
1997-1999,1998.0,D,ft_miss,FT miss (defense),-0.003252491260159182,0.16419771071556666,-0.32508000426266986,0.31857502174235147,D flipped: positive = good on both sides
2000-2002,2001.0,D,ft_miss,FT miss (defense),-0.19077451775637047,0.16724389245300725,-0.5185725469642647,0.13702351145152372,D flipped: positive = good on both sides
2003-2005,2004.0,D,ft_miss,FT miss (defense),-0.09386337188468015,0.15932184449232265,-0.4061341870896325,0.21840744332027223,D flipped: positive = good on both sides
2006-2008,2007.0,D,ft_miss,FT miss (defense),0.007690647788781511,0.15246957152978563,-0.2911497124095983,0.3065310079871614,D flipped: positive = good on both sides
2009-2011,2010.0,D,ft_miss,FT miss (defense),0.29370842759701565,0.16863746639624574,-0.036821006539626,0.6242378617336573,D flipped: positive = good on both sides
2012-2014,2013.0,D,ft_miss,FT miss (defense),-0.3682426374862735,0.16704827128513985,-0.6956572492051476,-0.04082802576739941,D flipped: positive = good on both sides
2015-2017,2016.0,D,ft_miss,FT miss (defense),-0.31327116698940843,0.15749840670886397,-0.6219680441387818,-0.004574289840035051,D flipped: positive = good on both sides
2018-2020,2019.0,D,ft_miss,FT miss (defense),0.31969763318363686,0.19450641175155145,-0.06153493384940395,0.7009302002166777,D flipped: positive = good on both sides
2021-2023,2022.0,D,ft_miss,FT miss (defense),-0.34911771266040414,0.19601912643021738,-0.7333152004636302,0.0350797751428219,D flipped: positive = good on both sides
2024-2026,2025.0,D,ft_miss,FT miss (defense),0.1695046656818678,0.22401404916739565,-0.26956287068622764,0.6085722020499633,D flipped: positive = good on both sides
1997-1999,1998.0,D,ftm,FTM (defense),0.08364726563132173,0.07406204018962818,-0.0615143331403495,0.22880886440299297,D flipped: positive = good on both sides
2000-2002,2001.0,D,ftm,FTM (defense),0.21650442678911386,0.07523814348325551,0.06903766556193305,0.3639711880162947,D flipped: positive = good on both sides
2003-2005,2004.0,D,ftm,FTM (defense),0.12670905334000687,0.06662853355821251,-0.003882872434089635,0.2573009791141034,D flipped: positive = good on both sides
2006-2008,2007.0,D,ftm,FTM (defense),0.020378460981196278,0.06584368062917494,-0.1086751530519866,0.14943207501437916,D flipped: positive = good on both sides
2009-2011,2010.0,D,ftm,FTM (defense),-0.009234277061014293,0.06663316498843733,-0.13983528043835144,0.12136672631632286,D flipped: positive = good on both sides
2012-2014,2013.0,D,ftm,FTM (defense),0.19273075583567306,0.06968709861191935,0.05614404255631114,0.329317469115035,D flipped: positive = good on both sides
2015-2017,2016.0,D,ftm,FTM (defense),0.08679590380910393,0.06686496292033628,-0.044259423514755175,0.21785123113296304,D flipped: positive = good on both sides
2018-2020,2019.0,D,ftm,FTM (defense),0.13568894792105132,0.07193112610327032,-0.005296059241358508,0.27667395508346115,D flipped: positive = good on both sides
2021-2023,2022.0,D,ftm,FTM (defense),0.13176987779201202,0.06905370493760259,-0.0035753838856890374,0.2671151394697131,D flipped: positive = good on both sides
2024-2026,2025.0,D,ftm,FTM (defense),0.20428334231290415,0.0743428898048028,0.058571278295490664,0.34999540633031767,D flipped: positive = good on both sides
1997-1999,1998.0,D,orb,ORB (defense),-0.28553193986402303,0.10248827470632003,-0.4864089582884103,-0.08465492143963577,D flipped: positive = good on both sides
2000-2002,2001.0,D,orb,ORB (defense),-0.12366406384199785,0.10286583629638844,-0.32528110298291923,0.0779529752989235,D flipped: positive = good on both sides
2003-2005,2004.0,D,orb,ORB (defense),-0.008986150853742436,0.10325796740128207,-0.21137176696025528,0.1933994652527704,D flipped: positive = good on both sides
2006-2008,2007.0,D,orb,ORB (defense),-0.0610340454988956,0.10511223155423952,-0.267054019345205,0.14498592834741383,D flipped: positive = good on both sides
2009-2011,2010.0,D,orb,ORB (defense),-0.18191936228903116,0.10550030351910249,-0.38869995718647204,0.024861232608409722,D flipped: positive = good on both sides
2012-2014,2013.0,D,orb,ORB (defense),-0.22317375645193652,0.09728102237588189,-0.413844560308665,-0.03250295259520802,D flipped: positive = good on both sides
2015-2017,2016.0,D,orb,ORB (defense),-0.018286252896012545,0.10188822067436035,-0.2179871654177588,0.18141465962573372,D flipped: positive = good on both sides
2018-2020,2019.0,D,orb,ORB (defense),-0.13409515951173,0.11039121729360486,-0.35046194540719555,0.0822716263837355,D flipped: positive = good on both sides
2021-2023,2022.0,D,orb,ORB (defense),-0.03247493994526415,0.10237609313715937,-0.2331320824940965,0.1681822026035682,D flipped: positive = good on both sides
2024-2026,2025.0,D,orb,ORB (defense),0.23735427597585831,0.09247540917381893,0.056102473995173235,0.41860607795654337,D flipped: positive = good on both sides
1997-1999,1998.0,D,pf,PF (defense),0.2411566427491124,0.075281032404173,0.09360581923693331,0.3887074662612915,D flipped: positive = good on both sides
2000-2002,2001.0,D,pf,PF (defense),0.05582687700596161,0.07072528091771148,-0.08279467359275289,0.19444842760467612,D flipped: positive = good on both sides
2003-2005,2004.0,D,pf,PF (defense),0.1026226926930291,0.07576604594392666,-0.045878757357067174,0.25112414274312533,D flipped: positive = good on both sides
2006-2008,2007.0,D,pf,PF (defense),0.0951016993582359,0.07492821270596753,-0.05175759754546044,0.24196099626193224,D flipped: positive = good on both sides
2009-2011,2010.0,D,pf,PF (defense),-0.02928136196417054,0.07481405217282604,-0.17591690422290956,0.1173541802945685,D flipped: positive = good on both sides
2012-2014,2013.0,D,pf,PF (defense),-0.08582289230927961,0.08312488805150611,-0.24874767289023159,0.07710188827167236,D flipped: positive = good on both sides
2015-2017,2016.0,D,pf,PF (defense),0.06550353550098978,0.08942057407068045,-0.10976078967754391,0.24076786067952347,D flipped: positive = good on both sides
2018-2020,2019.0,D,pf,PF (defense),-0.1286126427625235,0.09856255750349247,-0.3217952554693687,0.06456996994432174,D flipped: positive = good on both sides
2021-2023,2022.0,D,pf,PF (defense),-0.04872175341239935,0.10144023244173664,-0.24754460899820316,0.15010110217340447,D flipped: positive = good on both sides
2024-2026,2025.0,D,pf,PF (defense),0.012282641078247926,0.1052516023701568,-0.19401049956725938,0.21857578172375522,D flipped: positive = good on both sides
1997-1999,1998.0,D,stl,STL (defense),1.4034884606426459,0.17883484185217058,1.0529721706123916,1.7540047506729002,D flipped: positive = good on both sides
2000-2002,2001.0,D,stl,STL (defense),1.5201322638405177,0.1934274765064846,1.141014409887808,1.8992501177932275,D flipped: positive = good on both sides
2003-2005,2004.0,D,stl,STL (defense),1.2935212196118244,0.19090632629079268,0.9193448200818708,1.667697619141778,D flipped: positive = good on both sides
2006-2008,2007.0,D,stl,STL (defense),1.0906597784367613,0.2068233875888246,0.6852859387626651,1.4960336181108576,D flipped: positive = good on both sides
2009-2011,2010.0,D,stl,STL (defense),1.3932950577664818,0.2056720213986104,0.9901778958252054,1.796412219707758,D flipped: positive = good on both sides
2012-2014,2013.0,D,stl,STL (defense),1.4354055333410323,0.19585886176432757,1.0515221642829502,1.8192889023991143,D flipped: positive = good on both sides
2015-2017,2016.0,D,stl,STL (defense),1.696057448751318,0.19234042707649696,1.319070211681384,2.073044685821252,D flipped: positive = good on both sides
2018-2020,2019.0,D,stl,STL (defense),1.4271167135892076,0.20416296025009945,1.0269573114990127,1.8272761156794024,D flipped: positive = good on both sides
2021-2023,2022.0,D,stl,STL (defense),1.2737029096801968,0.2347110613401595,0.8136692294534842,1.7337365899069095,D flipped: positive = good on both sides
2024-2026,2025.0,D,stl,STL (defense),1.9198229933845203,0.20936301839208632,1.5094714773360312,2.3301745094330095,D flipped: positive = good on both sides
1997-1999,1998.0,D,tov,TOV (defense),-0.6560313364436281,0.15512972545179596,-0.9600855983291482,-0.351977074558108,D flipped: positive = good on both sides
2000-2002,2001.0,D,tov,TOV (defense),-0.4570890376688944,0.1490356433330532,-0.7491988986016787,-0.16497917673611018,D flipped: positive = good on both sides
2003-2005,2004.0,D,tov,TOV (defense),-0.3541166564748356,0.14714020362821836,-0.6425114555861435,-0.06572185736352759,D flipped: positive = good on both sides
2006-2008,2007.0,D,tov,TOV (defense),-0.5206991234208178,0.15573841143344944,-0.8259464098303787,-0.21545183701125692,D flipped: positive = good on both sides
2009-2011,2010.0,D,tov,TOV (defense),-0.522307436150257,0.1535828379914091,-0.8233297986134188,-0.22128507368709516,D flipped: positive = good on both sides
2012-2014,2013.0,D,tov,TOV (defense),-0.4644575145222774,0.15064119678648533,-0.7597142602237886,-0.16920076882076618,D flipped: positive = good on both sides
2015-2017,2016.0,D,tov,TOV (defense),-0.49029072993646444,0.14288987265558875,-0.7703548803414184,-0.21022657953151047,D flipped: positive = good on both sides
2018-2020,2019.0,D,tov,TOV (defense),-0.4340360925737376,0.15170967042015562,-0.7313870465972426,-0.13668513855023257,D flipped: positive = good on both sides
2021-2023,2022.0,D,tov,TOV (defense),-0.39554937163019344,0.14189527064696397,-0.6736641020982428,-0.11743464116214408,D flipped: positive = good on both sides
2024-2026,2025.0,D,tov,TOV (defense),-0.8149658400927804,0.14362156465617912,-1.0964641068188914,-0.5334675733666694,D flipped: positive = good on both sides
1997-1999,1998.0,O,ast,AST (offense),0.4659998830244788,0.05382266327580032,0.3605074630039102,0.5714923030450474,D flipped: positive = good on both sides
2000-2002,2001.0,O,ast,AST (offense),0.3615784751309944,0.05167481213707394,0.26029584334232947,0.4628611069196593,D flipped: positive = good on both sides
2003-2005,2004.0,O,ast,AST (offense),0.5131766435391283,0.05457545930742539,0.4062087432965745,0.620144543781682,D flipped: positive = good on both sides
2006-2008,2007.0,O,ast,AST (offense),0.36244286192374353,0.05138342627556049,0.261731346423645,0.4631543774238421,D flipped: positive = good on both sides
2009-2011,2010.0,O,ast,AST (offense),0.4634930477289334,0.05293502069486125,0.35974040716700534,0.5672456882908614,D flipped: positive = good on both sides
2012-2014,2013.0,O,ast,AST (offense),0.4170977113902513,0.05160704893728548,0.31594789547317176,0.5182475273073308,D flipped: positive = good on both sides
2015-2017,2016.0,O,ast,AST (offense),0.34798874362184007,0.05226785554207496,0.24554374675937313,0.450433740484307,D flipped: positive = good on both sides
2018-2020,2019.0,O,ast,AST (offense),0.3473613796441297,0.053459661102461156,0.24258044388330585,0.4521423154049536,D flipped: positive = good on both sides
2021-2023,2022.0,O,ast,AST (offense),0.3578048920430583,0.05177777013214791,0.2563204625840484,0.45928932150206825,D flipped: positive = good on both sides
2024-2026,2025.0,O,ast,AST (offense),0.372049453491732,0.049056982869997726,0.27589776706653646,0.4682011399169276,D flipped: positive = good on both sides
1997-1999,1998.0,O,blk,BLK (offense),0.09485528640530158,0.10896339418640928,-0.11871296620006061,0.30842353901066377,D flipped: positive = good on both sides
2000-2002,2001.0,O,blk,BLK (offense),-0.12886839336100242,0.1100474533755316,-0.3445614019770443,0.08682461525503951,D flipped: positive = good on both sides
2003-2005,2004.0,O,blk,BLK (offense),0.015852429461323182,0.11036160049595256,-0.20045630751074384,0.2321611664333902,D flipped: positive = good on both sides
2006-2008,2007.0,O,blk,BLK (offense),-0.10153917955228654,0.11398529446499882,-0.3249503567036842,0.12187199759911115,D flipped: positive = good on both sides
2009-2011,2010.0,O,blk,BLK (offense),-0.06840431543105523,0.1302539169040578,-0.3237019925630085,0.18689336170089804,D flipped: positive = good on both sides
2012-2014,2013.0,O,blk,BLK (offense),-0.019629714667498785,0.12841867256812206,-0.27133031290101806,0.23207088356602046,D flipped: positive = good on both sides
2015-2017,2016.0,O,blk,BLK (offense),-0.16372197109380004,0.13374226550085802,-0.42585681147548177,0.09841286928788168,D flipped: positive = good on both sides
2018-2020,2019.0,O,blk,BLK (offense),-0.016709714069213275,0.14803197136556154,-0.3068523779457139,0.27343294980728733,D flipped: positive = good on both sides
2021-2023,2022.0,O,blk,BLK (offense),-0.029601157380646496,0.15413426315804293,-0.33170431317041066,0.27250199840911765,D flipped: positive = good on both sides
2024-2026,2025.0,O,blk,BLK (offense),-0.34243371645603865,0.14267794888665883,-0.62208249627389,-0.06278493663818735,D flipped: positive = good on both sides
1997-1999,1998.0,O,drb,DRB (offense),0.09856849979557077,0.06251084851943028,-0.023952763302512586,0.22108976289365412,D flipped: positive = good on both sides
2000-2002,2001.0,O,drb,DRB (offense),0.05351476331653986,0.06079369515099897,-0.06564087917941813,0.17267040581249785,D flipped: positive = good on both sides
2003-2005,2004.0,O,drb,DRB (offense),0.03232260069166086,0.06169413354630757,-0.08859790105910197,0.15324310244242367,D flipped: positive = good on both sides
2006-2008,2007.0,O,drb,DRB (offense),0.07421540882467409,0.05789991503837497,-0.039268424650540854,0.18769924229988905,D flipped: positive = good on both sides
2009-2011,2010.0,O,drb,DRB (offense),0.05170841646631585,0.05567014023746833,-0.05740505839912207,0.16082189133175376,D flipped: positive = good on both sides
2012-2014,2013.0,O,drb,DRB (offense),-0.020672984791226583,0.0563810024307724,-0.1311797495555405,0.08983377997308734,D flipped: positive = good on both sides
2015-2017,2016.0,O,drb,DRB (offense),-0.029762761125065748,0.053814634978054485,-0.13523944568205254,0.07571392343192104,D flipped: positive = good on both sides
2018-2020,2019.0,O,drb,DRB (offense),-0.044823191431616116,0.05204377813871515,-0.1468289965834978,0.05718261372026558,D flipped: positive = good on both sides
2021-2023,2022.0,O,drb,DRB (offense),0.028046322598350652,0.05280650026785918,-0.07545441792665333,0.13154706312335465,D flipped: positive = good on both sides
2024-2026,2025.0,O,drb,DRB (offense),0.0795134983766789,0.05460444201904989,-0.027511207980658883,0.18653820473401667,D flipped: positive = good on both sides
1997-1999,1998.0,O,fg2_miss,2P miss (offense),-0.5275827659476495,0.06289369621011817,-0.6508544105194811,-0.40431112137581793,D flipped: positive = good on both sides
2000-2002,2001.0,O,fg2_miss,2P miss (offense),-0.4151350944767835,0.0615320991563397,-0.5357380088232093,-0.29453218013035765,D flipped: positive = good on both sides
2003-2005,2004.0,O,fg2_miss,2P miss (offense),-0.4394229327209464,0.06264694849315645,-0.5622109517675331,-0.31663491367435975,D flipped: positive = good on both sides
2006-2008,2007.0,O,fg2_miss,2P miss (offense),-0.494640594181601,0.061172074520603054,-0.614537860241983,-0.374743328121219,D flipped: positive = good on both sides
2009-2011,2010.0,O,fg2_miss,2P miss (offense),-0.45710150034685565,0.06310424867580267,-0.5807858277514288,-0.33341717294228246,D flipped: positive = good on both sides
2012-2014,2013.0,O,fg2_miss,2P miss (offense),-0.4969223805178926,0.05817059735832921,-0.6109367513402179,-0.3829080096955674,D flipped: positive = good on both sides
2015-2017,2016.0,O,fg2_miss,2P miss (offense),-0.5220851286375312,0.06272420520871952,-0.6450245708466215,-0.39914568642844095,D flipped: positive = good on both sides
2018-2020,2019.0,O,fg2_miss,2P miss (offense),-0.4005132224196821,0.06703933259368629,-0.5319103143033073,-0.269116130536057,D flipped: positive = good on both sides
2021-2023,2022.0,O,fg2_miss,2P miss (offense),-0.48507774951056604,0.06826596531068871,-0.6188790415195159,-0.3512764575016162,D flipped: positive = good on both sides
2024-2026,2025.0,O,fg2_miss,2P miss (offense),-0.6911145120784519,0.07623778020712976,-0.8405405612844262,-0.5416884628724775,D flipped: positive = good on both sides
1997-1999,1998.0,O,fg2m,2PM (offense),0.6979701737939865,0.0736128785803508,0.5536889317764989,0.8422514158114741,D flipped: positive = good on both sides
2000-2002,2001.0,O,fg2m,2PM (offense),0.7650343861954568,0.07121940670920662,0.6254443490454118,0.9046244233455019,D flipped: positive = good on both sides
2003-2005,2004.0,O,fg2m,2PM (offense),0.687571851623962,0.0744574008005515,0.5416353460548811,0.8335083571930428,D flipped: positive = good on both sides
2006-2008,2007.0,O,fg2m,2PM (offense),0.7327921864713781,0.07045419086007942,0.5947019723856224,0.8708824005571338,D flipped: positive = good on both sides
2009-2011,2010.0,O,fg2m,2PM (offense),0.5743335989046103,0.07218413792074022,0.4328526885799595,0.7158145092292612,D flipped: positive = good on both sides
2012-2014,2013.0,O,fg2m,2PM (offense),0.5713980773291026,0.06997002227367695,0.43425683367269585,0.7085393209855094,D flipped: positive = good on both sides
2015-2017,2016.0,O,fg2m,2PM (offense),0.6899227966077677,0.0722486221948363,0.5483154971058886,0.8315300961096468,D flipped: positive = good on both sides
2018-2020,2019.0,O,fg2m,2PM (offense),0.49808402686863906,0.07105981397266838,0.35880679148220906,0.6373612622550691,D flipped: positive = good on both sides
2021-2023,2022.0,O,fg2m,2PM (offense),0.543895998634448,0.06842742781351359,0.40977824011996145,0.6780137571489346,D flipped: positive = good on both sides
2024-2026,2025.0,O,fg2m,2PM (offense),0.7083182264984514,0.07004351230736483,0.5710329423760163,0.8456035106208866,D flipped: positive = good on both sides
1997-1999,1998.0,O,fg3_miss,3P miss (offense),0.2590578485591373,0.12242864475240443,0.019097704844424634,0.49901799227385,D flipped: positive = good on both sides
2000-2002,2001.0,O,fg3_miss,3P miss (offense),-0.06305653356917852,0.12441090344690532,-0.30690190432511294,0.18078883718675592,D flipped: positive = good on both sides
2003-2005,2004.0,O,fg3_miss,3P miss (offense),0.14165820437768398,0.1289912854453249,-0.11116471509515283,0.3944811238505208,D flipped: positive = good on both sides
2006-2008,2007.0,O,fg3_miss,3P miss (offense),0.009813365615540706,0.11692592825536696,-0.2193614537649785,0.23898818499605995,D flipped: positive = good on both sides
2009-2011,2010.0,O,fg3_miss,3P miss (offense),0.11540986514345847,0.11358556436185913,-0.10721784100578541,0.33803757129270234,D flipped: positive = good on both sides
2012-2014,2013.0,O,fg3_miss,3P miss (offense),0.02331835922990859,0.10280238995733634,-0.17817432508647063,0.22481104354628784,D flipped: positive = good on both sides
2015-2017,2016.0,O,fg3_miss,3P miss (offense),-0.12447231934275316,0.09594701864246284,-0.3125284758819803,0.06358383719647401,D flipped: positive = good on both sides
2018-2020,2019.0,O,fg3_miss,3P miss (offense),0.1355757824399703,0.08876873904595887,-0.038410946090109116,0.3095625109700497,D flipped: positive = good on both sides
2021-2023,2022.0,O,fg3_miss,3P miss (offense),-0.25011973152837896,0.07967277550221735,-0.40627837151272495,-0.09396109154403295,D flipped: positive = good on both sides
2024-2026,2025.0,O,fg3_miss,3P miss (offense),-0.1354896577585745,0.08091536458179285,-0.2940837723388885,0.023104456821739505,D flipped: positive = good on both sides
1997-1999,1998.0,O,fg3m,3PM (offense),0.47857527813340606,0.205628857305613,0.07554271781440458,0.8816078384524075,D flipped: positive = good on both sides
2000-2002,2001.0,O,fg3m,3PM (offense),1.2730280540620305,0.209591255622804,0.8622291930413346,1.6838269150827263,D flipped: positive = good on both sides
2003-2005,2004.0,O,fg3m,3PM (offense),0.9516863072582581,0.21541793181165486,0.5294671609074146,1.3739054536091015,D flipped: positive = good on both sides
2006-2008,2007.0,O,fg3m,3PM (offense),1.0642508710941643,0.19079912489859413,0.6902845862929198,1.4382171558954089,D flipped: positive = good on both sides
2009-2011,2010.0,O,fg3m,3PM (offense),0.949585889604715,0.18492373199878498,0.5871353748870964,1.3120364043223336,D flipped: positive = good on both sides
2012-2014,2013.0,O,fg3m,3PM (offense),0.9490521794279956,0.1635911784029121,0.6284134697582879,1.2696908890977032,D flipped: positive = good on both sides
2015-2017,2016.0,O,fg3m,3PM (offense),1.217237653590241,0.1580508333779007,0.9074580201695556,1.5270172870109264,D flipped: positive = good on both sides
2018-2020,2019.0,O,fg3m,3PM (offense),0.7276818053944445,0.14480923743080862,0.4438557000300596,1.0115079107588294,D flipped: positive = good on both sides
2021-2023,2022.0,O,fg3m,3PM (offense),1.1230127112822912,0.123220710043338,0.8815001195973488,1.3645253029672337,D flipped: positive = good on both sides
2024-2026,2025.0,O,fg3m,3PM (offense),0.9986164369566826,0.12588692220330827,0.7518780694381983,1.2453548044751668,D flipped: positive = good on both sides
1997-1999,1998.0,O,ft_miss,FT miss (offense),-0.16387234692719677,0.15403671341721226,-0.4657843052249328,0.13803961137053927,D flipped: positive = good on both sides
2000-2002,2001.0,O,ft_miss,FT miss (offense),-0.23334005532254706,0.15517320809988971,-0.5374795431983309,0.07079943255323676,D flipped: positive = good on both sides
2003-2005,2004.0,O,ft_miss,FT miss (offense),-0.2814209747760679,0.1475760990248337,-0.570670128864742,0.007828179312606154,D flipped: positive = good on both sides
2006-2008,2007.0,O,ft_miss,FT miss (offense),-0.4509963687833528,0.1422566940933429,-0.7298194892063049,-0.1721732483604007,D flipped: positive = good on both sides
2009-2011,2010.0,O,ft_miss,FT miss (offense),-0.24058796913788175,0.15736922049432808,-0.5490316413067647,0.06785570303100127,D flipped: positive = good on both sides
2012-2014,2013.0,O,ft_miss,FT miss (offense),-0.5202571156269638,0.1546338275346816,-0.8233394175949397,-0.21717481365898783,D flipped: positive = good on both sides
2015-2017,2016.0,O,ft_miss,FT miss (offense),-0.30638920319043744,0.1460013505807923,-0.5925518503287903,-0.02022655605208451,D flipped: positive = good on both sides
2018-2020,2019.0,O,ft_miss,FT miss (offense),-0.4562226490981014,0.18047784654875226,-0.8099592283336559,-0.10248606986254699,D flipped: positive = good on both sides
2021-2023,2022.0,O,ft_miss,FT miss (offense),-0.8034653057450625,0.1829763176408762,-1.1620988883211798,-0.4448317231689451,D flipped: positive = good on both sides
2024-2026,2025.0,O,ft_miss,FT miss (offense),-0.5253974018959927,0.20972264301024204,-0.9364537821960671,-0.1143410215959183,D flipped: positive = good on both sides
1997-1999,1998.0,O,ftm,FTM (offense),0.5733358942555029,0.06920149425623574,0.43770096551328086,0.708970822997725,D flipped: positive = good on both sides
2000-2002,2001.0,O,ftm,FTM (offense),0.6228191260258888,0.07037859383147067,0.48487708211620634,0.7607611699355714,D flipped: positive = good on both sides
2003-2005,2004.0,O,ftm,FTM (offense),0.6601568662267,0.06214993413055057,0.5383429953308209,0.7819707371225791,D flipped: positive = good on both sides
2006-2008,2007.0,O,ftm,FTM (offense),0.6736907113500874,0.06143018463744332,0.5532875494606985,0.7940938732394763,D flipped: positive = good on both sides
2009-2011,2010.0,O,ftm,FTM (offense),0.5762629939612751,0.06218602134503057,0.4543783921250152,0.698147595797535,D flipped: positive = good on both sides
2012-2014,2013.0,O,ftm,FTM (offense),0.6253498746362656,0.06470426732878001,0.49852951067185675,0.7521702386006743,D flipped: positive = good on both sides
2015-2017,2016.0,O,ftm,FTM (offense),0.5904778955859129,0.06247968121272336,0.4680177204089751,0.7129380707628507,D flipped: positive = good on both sides
2018-2020,2019.0,O,ftm,FTM (offense),0.5868759972049045,0.06700938555156974,0.4555376015238278,0.7182143928859812,D flipped: positive = good on both sides
2021-2023,2022.0,O,ftm,FTM (offense),0.6997776804177114,0.06495922107546494,0.5724576071098001,0.8270977537256227,D flipped: positive = good on both sides
2024-2026,2025.0,O,ftm,FTM (offense),0.6552712143113135,0.07004649100183692,0.5179800919477131,0.7925623366749139,D flipped: positive = good on both sides
1997-1999,1998.0,O,orb,ORB (offense),0.3186142470272048,0.09645724334805628,0.1295580500650145,0.5076704439893951,D flipped: positive = good on both sides
2000-2002,2001.0,O,orb,ORB (offense),0.38772884381271533,0.09662457704427467,0.19834467280593698,0.5771130148194936,D flipped: positive = good on both sides
2003-2005,2004.0,O,orb,ORB (offense),0.514384259008227,0.0971215677020779,0.32402598631215435,0.7047425317042997,D flipped: positive = good on both sides
2006-2008,2007.0,O,orb,ORB (offense),0.49225719686947944,0.09854201969741544,0.29911483826254515,0.6853995554764137,D flipped: positive = good on both sides
2009-2011,2010.0,O,orb,ORB (offense),0.5764443204060397,0.09931920339488506,0.381778681752065,0.7711099590600143,D flipped: positive = good on both sides
2012-2014,2013.0,O,orb,ORB (offense),0.41338054369104515,0.09133121621279577,0.23437135991396543,0.5923897274681249,D flipped: positive = good on both sides
2015-2017,2016.0,O,orb,ORB (offense),0.4771031101899776,0.09544758996312551,0.29002583386225156,0.6641803865177036,D flipped: positive = good on both sides
2018-2020,2019.0,O,orb,ORB (offense),0.6226783817370299,0.10400912644826583,0.4188204938984289,0.826536269575631,D flipped: positive = good on both sides
2021-2023,2022.0,O,orb,ORB (offense),0.7194429373100137,0.09639555721645901,0.5305076451657541,0.9083782294542734,D flipped: positive = good on both sides
2024-2026,2025.0,O,orb,ORB (offense),0.5758622761375992,0.08650686665920912,0.40630881748554937,0.7454157347896491,D flipped: positive = good on both sides
1997-1999,1998.0,O,pf,PF (offense),-0.2961992574532624,0.07081228437671767,-0.43499133483162905,-0.1574071800748958,D flipped: positive = good on both sides
2000-2002,2001.0,O,pf,PF (offense),-0.35573299299279804,0.06625152668065912,-0.4855859852868899,-0.22588000069870617,D flipped: positive = good on both sides
2003-2005,2004.0,O,pf,PF (offense),-0.3144107831584708,0.07166493750691635,-0.45487406067202685,-0.17394750564491476,D flipped: positive = good on both sides
2006-2008,2007.0,O,pf,PF (offense),-0.24148251754393218,0.07082451667617692,-0.38029857022923896,-0.1026664648586254,D flipped: positive = good on both sides
2009-2011,2010.0,O,pf,PF (offense),-0.2743010911623006,0.07076375941250752,-0.41299805961081537,-0.13560412271378586,D flipped: positive = good on both sides
2012-2014,2013.0,O,pf,PF (offense),-0.29726226932509126,0.0784899661825055,-0.45110260304280203,-0.14342193560738048,D flipped: positive = good on both sides
2015-2017,2016.0,O,pf,PF (offense),-0.4094978653244137,0.08407327524777244,-0.5742814848100477,-0.24471424583877968,D flipped: positive = good on both sides
2018-2020,2019.0,O,pf,PF (offense),-0.3693043745541181,0.09313201395505533,-0.5518431219060265,-0.18676562720220963,D flipped: positive = good on both sides
2021-2023,2022.0,O,pf,PF (offense),-0.23940324301046045,0.09603520796368757,-0.4276322506192881,-0.05117423540163282,D flipped: positive = good on both sides
2024-2026,2025.0,O,pf,PF (offense),-0.16206126369369006,0.09936224281412726,-0.3568112596093795,0.03268873222199936,D flipped: positive = good on both sides
1997-1999,1998.0,O,stl,STL (offense),0.3252164302835521,0.16605939891613822,-0.00025999159207878986,0.650692852159183,D flipped: positive = good on both sides
2000-2002,2001.0,O,stl,STL (offense),0.522285851045607,0.17930326363067503,0.17085145432948395,0.8737202477617301,D flipped: positive = good on both sides
2003-2005,2004.0,O,stl,STL (offense),0.2889950341773067,0.17714556570447837,-0.05821027460347089,0.6362003429580843,D flipped: positive = good on both sides
2006-2008,2007.0,O,stl,STL (offense),0.8019585748490694,0.19290286332997778,0.42386896272231295,1.180048186975826,D flipped: positive = good on both sides
2009-2011,2010.0,O,stl,STL (offense),0.4791669081485757,0.19057332284758838,0.10564319536730249,0.8526906209298489,D flipped: positive = good on both sides
2012-2014,2013.0,O,stl,STL (offense),0.7836122396702513,0.1822707146107552,0.4263616390331711,1.1408628403073315,D flipped: positive = good on both sides
2015-2017,2016.0,O,stl,STL (offense),0.7887081604552675,0.17929897371138828,0.43728217198094643,1.1401341489295884,D flipped: positive = good on both sides
2018-2020,2019.0,O,stl,STL (offense),0.09546365000443854,0.19061926376236285,-0.2781501069697926,0.46907740697866973,D flipped: positive = good on both sides
2021-2023,2022.0,O,stl,STL (offense),0.5242675260540796,0.22071146005207223,0.091673064352018,0.9568619877561411,D flipped: positive = good on both sides
2024-2026,2025.0,O,stl,STL (offense),0.5277303068595162,0.19594775061551686,0.14367271565310313,0.9117878980659292,D flipped: positive = good on both sides
1997-1999,1998.0,O,tov,TOV (offense),-0.7560450010717105,0.14437919028827506,-1.0390282140367295,-0.47306178810669136,D flipped: positive = good on both sides
2000-2002,2001.0,O,tov,TOV (offense),-1.0119985843944743,0.13774857911924474,-1.281985799468194,-0.7420113693207546,D flipped: positive = good on both sides
2003-2005,2004.0,O,tov,TOV (offense),-0.8251622570512278,0.13553555882438645,-1.0908119523470252,-0.5595125617554304,D flipped: positive = good on both sides
2006-2008,2007.0,O,tov,TOV (offense),-0.49647516574056694,0.14482337774494977,-0.7803289861206685,-0.2126213453604654,D flipped: positive = good on both sides
2009-2011,2010.0,O,tov,TOV (offense),-0.6286441256528197,0.14212560113524214,-0.9072103038778943,-0.3500779474277451,D flipped: positive = good on both sides
2012-2014,2013.0,O,tov,TOV (offense),-0.6742772138483235,0.1408549942584834,-0.9503530025949509,-0.39820142510169604,D flipped: positive = good on both sides
2015-2017,2016.0,O,tov,TOV (offense),-0.5918136095480011,0.1316535282123975,-0.8498545248443002,-0.333772694251702,D flipped: positive = good on both sides
2018-2020,2019.0,O,tov,TOV (offense),-0.5181100701581031,0.14130913720216814,-0.7950759790743527,-0.2411441612418535,D flipped: positive = good on both sides
2021-2023,2022.0,O,tov,TOV (offense),-0.6002999251977595,0.1326813182958454,-0.8603553090576166,-0.34024454133790255,D flipped: positive = good on both sides
2024-2026,2025.0,O,tov,TOV (offense),-0.8251807468643211,0.13363606054474572,-1.0871074255320226,-0.5632540681966195,D flipped: positive = good on both sides
