pool,window,side,feature,coef,se,delta,delta_se,coef_playoff,se_playoff,n_po_rows,lam_delta,side_name,stat,delta_z,sign_convention
era,1997-2026,Total,fg3_miss,-0.2074,0.0456,-0.4688,0.1596,-0.6762,0.1571,137830,100.0,total,3P miss,-2.9374,positive = good on both sides; total = offense + defense
era,1997-2026,O,fg3_miss,-0.0151,0.0316,-0.3311,0.1131,-0.3462,0.1113,137830,100.0,offense,3P miss,-2.9268,positive = good on both sides; total = offense + defense
era,1997-2026,Total,tov,-1.2005,0.0628,0.5638,0.2102,-0.6367,0.2088,137830,100.0,total,TOV,2.6821,positive = good on both sides; total = offense + defense
era,1997-2026,D,blk,0.9039,0.0415,-0.3513,0.14,0.5527,0.138,137830,100.0,defense,BLK,-2.5085,positive = good on both sides; total = offense + defense
era,1997-2026,O,fg3m,0.9743,0.051,0.3739,0.1831,1.3482,0.1795,137830,100.0,offense,3PM,2.0423,positive = good on both sides; total = offense + defense
era,1997-2026,O,tov,-0.6902,0.0431,0.3011,0.1506,-0.3891,0.1496,137830,100.0,offense,TOV,1.9985,positive = good on both sides; total = offense + defense
era,1997-2026,O,blk,-0.0723,0.0392,0.2788,0.1396,0.2065,0.1368,137830,100.0,offense,BLK,1.9981,positive = good on both sides; total = offense + defense
era,1997-2026,Total,ftm,0.7414,0.0298,-0.1888,0.0957,0.5526,0.0947,137830,100.0,total,FTM,-1.9726,positive = good on both sides; total = offense + defense
era,1997-2026,D,tov,-0.5103,0.0464,0.2627,0.1512,-0.2476,0.1511,137830,100.0,defense,TOV,1.7379,positive = good on both sides; total = offense + defense
era,1997-2026,O,ftm,0.6278,0.0204,-0.1131,0.0685,0.5147,0.0676,137830,100.0,offense,FTM,-1.652,positive = good on both sides; total = offense + defense
era,1997-2026,D,fg2_miss,-0.2585,0.0214,-0.109,0.0682,-0.3675,0.0682,137830,100.0,defense,2P miss,-1.5984,positive = good on both sides; total = offense + defense
era,1997-2026,Total,fg3m,1.0785,0.074,0.4088,0.2558,1.4873,0.2514,137830,100.0,total,3PM,1.598,positive = good on both sides; total = offense + defense
era,1997-2026,D,fg2m,0.0555,0.0237,0.0954,0.0777,0.1509,0.0772,137830,100.0,defense,2PM,1.2275,positive = good on both sides; total = offense + defense
era,1997-2026,D,fg3_miss,-0.1923,0.0335,-0.1377,0.1135,-0.33,0.1123,137830,100.0,defense,3P miss,-1.2133,positive = good on both sides; total = offense + defense
era,1997-2026,O,fg2m,0.6442,0.0223,-0.086,0.0775,0.5582,0.0765,137830,100.0,offense,2PM,-1.1101,positive = good on both sides; total = offense + defense
era,1997-2026,D,ftm,0.1136,0.0218,-0.0757,0.0687,0.0379,0.0682,137830,100.0,defense,FTM,-1.1027,positive = good on both sides; total = offense + defense
era,1997-2026,D,ft_miss,-0.0492,0.0536,0.1538,0.1569,0.1046,0.1557,137830,100.0,defense,FT miss,0.9806,positive = good on both sides; total = offense + defense
era,1997-2026,D,stl,1.4467,0.0622,0.1802,0.1888,1.627,0.1882,137830,100.0,defense,STL,0.9546,positive = good on both sides; total = offense + defense
era,1997-2026,Total,fg2_miss,-0.7497,0.0289,-0.0861,0.0976,-0.8359,0.0966,137830,100.0,total,2P miss,-0.8829,positive = good on both sides; total = offense + defense
era,1997-2026,O,drb,0.0268,0.0177,0.0528,0.0643,0.0796,0.063,137830,100.0,offense,DRB,0.8218,positive = good on both sides; total = offense + defense
era,1997-2026,Total,pf,-0.2544,0.0356,0.092,0.1292,-0.1624,0.127,137830,100.0,total,PF,0.7121,positive = good on both sides; total = offense + defense
era,1997-2026,Total,ft_miss,-0.4191,0.0726,0.151,0.2141,-0.268,0.2112,137830,100.0,total,FT miss,0.7055,positive = good on both sides; total = offense + defense
era,1997-2026,D,pf,0.0474,0.0258,0.0581,0.0906,0.1056,0.0896,137830,100.0,defense,PF,0.6417,positive = good on both sides; total = offense + defense
era,1997-2026,O,orb,0.5051,0.0299,-0.0614,0.1039,0.4437,0.1027,137830,100.0,offense,ORB,-0.5908,positive = good on both sides; total = offense + defense
era,1997-2026,Total,ast,0.5263,0.0237,0.0418,0.0813,0.5681,0.0801,137830,100.0,total,AST,0.5134,positive = good on both sides; total = offense + defense
era,1997-2026,O,stl,0.5253,0.0579,-0.0899,0.1883,0.4355,0.1863,137830,100.0,offense,STL,-0.4773,positive = good on both sides; total = offense + defense
era,1997-2026,D,ast,0.1297,0.0173,0.0269,0.0591,0.1566,0.0585,137830,100.0,defense,AST,0.4554,positive = good on both sides; total = offense + defense
era,1997-2026,Total,drb,0.4477,0.0259,0.0394,0.0932,0.4872,0.0913,137830,100.0,total,DRB,0.4233,positive = good on both sides; total = offense + defense
era,1997-2026,Total,blk,0.8316,0.0566,-0.0724,0.1894,0.7592,0.1857,137830,100.0,total,BLK,-0.3823,positive = good on both sides; total = offense + defense
era,1997-2026,O,pf,-0.3018,0.0243,0.0338,0.0903,-0.268,0.0889,137830,100.0,offense,PF,0.3746,positive = good on both sides; total = offense + defense
era,1997-2026,O,fg2_miss,-0.4912,0.0199,0.0229,0.068,-0.4683,0.0675,137830,100.0,offense,2P miss,0.3363,positive = good on both sides; total = offense + defense
era,1997-2026,Total,stl,1.9721,0.0846,0.0904,0.2707,2.0624,0.2677,137830,100.0,total,STL,0.3338,positive = good on both sides; total = offense + defense
era,1997-2026,Total,orb,0.4216,0.0438,-0.0503,0.1508,0.3713,0.1489,137830,100.0,total,ORB,-0.3333,positive = good on both sides; total = offense + defense
era,1997-2026,O,ast,0.3966,0.0164,0.0148,0.059,0.4115,0.0581,137830,100.0,offense,AST,0.2512,positive = good on both sides; total = offense + defense
era,1997-2026,D,drb,0.4209,0.0186,-0.0134,0.0644,0.4076,0.0634,137830,100.0,defense,DRB,-0.2078,positive = good on both sides; total = offense + defense
era,1997-2026,D,fg3m,0.1043,0.054,0.0349,0.1836,0.1391,0.1811,137830,100.0,defense,3PM,0.1899,positive = good on both sides; total = offense + defense
era,1997-2026,D,orb,-0.0836,0.0318,0.0112,0.1043,-0.0724,0.1037,137830,100.0,defense,ORB,0.1069,positive = good on both sides; total = offense + defense
era,1997-2026,Total,fg2m,0.6997,0.0324,0.0094,0.109,0.7091,0.1075,137830,100.0,total,2PM,0.0861,positive = good on both sides; total = offense + defense
era,1997-2026,O,ft_miss,-0.3698,0.0499,-0.0028,0.1564,-0.3726,0.1539,137830,100.0,offense,FT miss,-0.0179,positive = good on both sides; total = offense + defense
