lam,ratio,cp_total,cu_total,R_total,c_total,cp_off,cu_off,R_off,c_off,cp_def,cu_def,R_def,c_def
200.0,0.1,0.307168683853142,0.16187784302907457,0.5683150265110384,1.8975338323353619,0.24150417188782353,0.06289840146761402,0.6032087636803831,3.8395915675563304,0.36163772092955115,0.16084598596353905,0.5701420450244595,2.2483478139860327
261.08763106611656,0.1,0.30709160791367157,0.16418075347834327,0.5689154822231974,1.8704482797624593,0.24132684279064795,0.0647113812699417,0.6034122970491982,3.7292797349504845,0.36164289710198755,0.1613225438866157,0.5702143474932064,2.2417381253060666
340.83375547858265,0.1,0.3070182375183037,0.16697100890663497,0.5696236042161161,1.8387517661223383,0.2411245014785305,0.06699192486321962,0.603661072429372,3.599306960814234,0.36165022253983314,0.16193267393829364,0.5703071286222711,2.2333369402498984
444.93738902635585,0.1,0.3069580571788897,0.1703146731152418,0.5704400047816421,1.8022995409866387,0.24089699381808755,0.06984949046257871,0.6039606997048309,3.448801018056762,0.3616632376441677,0.1627122757944446,0.5704251493846952,2.2227163616164956
580.8382443681718,0.1,0.3069237168079664,0.17427728206685103,0.5713586172628419,1.761122925306085,0.24064495206130934,0.07341750800310051,0.604315759238117,3.2777597416020523,0.36168768019147757,0.1637075241303682,0.5705747244973219,2.209352820603702
758.2484062734396,0.1,0.30693048336677925,0.17892136865875888,0.5723648961390758,1.7154490023612607,0.24036985032933628,0.07785937584170999,0.6047291740311839,3.0872306351134133,0.36173163104773187,0.16497726584219474,0.5707639838012237,2.192615020021838
989.8464007679534,0.1,0.30699488882006637,0.18430408817450056,0.573434402117733,1.6656976622754087,0.2400740271906,0.08337639278266583,0.6052016486379713,2.879400501487179,0.36180519110456205,0.1665955033721387,0.5710029265068495,2.1717584435419406
1292.1832594791324,0.1,0.3071325232726313,0.19047589050780378,0.5745323929602622,1.6124482865197478,0.23976066545414873,0.09021796129294918,0.6057312597678607,2.6575713086179746,0.3619195938089857,0.16865391104507674,0.5713031807347486,2.145930631352238
1686.8653306034985,0.1,0.3073551140777425,0.1974817503378848,0.575615132449549,1.556372239722749,0.23943372785927594,0.09869417328585646,0.6063132261316371,2.426016854771997,0.3620857708765871,0.1712644473425209,0.5716774243617269,2.114191103261686
2202.0983654741444,0.1,0.3076672660343068,0.2053669187453888,0.5766334854532755,1.4981344995283716,0.2390978676163203,0.10919062885750178,0.6069398203532198,2.189728826714175,0.36231251742292636,0.1745622948115291,0.5721384948392154,2.0755485473773523
2874.703228081056,0.1,0.30806348808918194,0.2141890535535611,0.5775388438236526,1.4382783946152793,0.23875836075182363,0.12218509417115644,0.6076003463447717,1.9540710949354574,0.36260452698607204,0.17870953786630694,0.5726982956149431,2.029016085629058
3752.747279189005,0.1,0.3085263151141044,0.2240374702707868,0.5782905228703878,1.3771192592971107,0.23842113096771586,0.13826542058574864,0.6082811107853493,1.7243728038266317,0.362960661235445,0.18390010240102111,0.573366655604437,1.9736838451778353
4898.979485566359,0.1,0.3090262883365089,0.2350581456915936,0.578862789162391,1.3146801929679335,0.2380929307212643,0.1581481893511217,0.6089653772985582,1.5055052586953666,0.3633728398013648,0.19036643766692016,0.5741502695738853,1.9088072679972614
6395.314742640107,0.1,0.3095241464593742,0.2474807733684259,0.579249189943654,1.2506997705174616,0.2377816699981033,0.18269827849615197,0.6096334103033133,1.3014992366395588,0.36382583733695484,0.19838814280642378,0.5750517170106177,1.8339091852478102
8348.687880390582,0.1,0.3099748720812259,0.2616428255446352,0.5794623058727216,1.1847252888971171,0.2374967367952736,0.21295176751444816,0.6102628707234506,1.1152606976091906,0.3642980596019428,0.20830221062354928,0.5760683585131613,1.7488919513212196
10898.695706007875,0.1,0.31033257997231656,0.27800601581146234,0.5795283844811364,1.1162800886394393,0.23724898597139255,0.2501491151266894,0.6108299428931808,0.9484302427023836,0.3647631250706579,0.22051385167695192,0.5771907470278292,1.654150622723819
14227.57321796025,0.1,0.31055503788297767,0.2971624539769667,0.5794779229141317,1.0450682235483526,0.23705001513770899,0.29579233377948744,0.6113115201648857,0.8014068928318787,0.3651919465415284,0.23550611021026638,0.5784002022064254,1.5506686693414236
18573.216936484812,0.1,0.31060702508823035,0.3198298690888498,0.5793344129839353,0.9711632811941735,0.23691054041523862,0.3517468223186723,0.6116884277512805,0.6735257446067405,0.36555508521430746,0.2538458397104014,0.5796654628220964,1.440067269297574
24246.18605611949,0.1,0.31046250849186785,0.34683640280900946,0.5791037856294597,0.8951266533081551,0.23683815171716355,0.4204110962232587,0.6119490344049686,0.563348954974754,0.3658253859315781,0.27618326010461763,0.5809388309741362,1.3245747978824067
31651.896398902696,0.1,0.31010628529030976,0.3790957781405815,0.5787668053630294,0.8180156656224008,0.23683523766712372,0.5049717672240497,0.6120920166278493,0.46900688917533656,0.36598109385995004,0.30324272265374,0.5821528549357393,1.2068915971244867
41319.593247698205,0.1,0.30953591856667706,0.4175749606392854,0.5782762599536749,0.7412703053190588,0.23689801860282358,0.6097485402288514,0.6121270088125769,0.38851756580493135,0.3660095629082513,0.3358045192406388,0.5832192570173096,1.0899482941322998
53940.17358828521,0.1,0.30876433031032663,0.46326161979777775,0.5775605496322379,0.6665009945030801,0.23701718248462214,0.7406244403932077,0.6120726509388718,0.3200234417848626,0.36591118314116433,0.37468326260646934,0.5840323327797761,0.9765880135550161
70415.56070730239,0.1,0.3078224267509447,0.5171497559572055,0.5765349113133581,0.5952287963110191,0.23717983732993747,0.9055606372042,0.6119527133968499,0.26191491501021863,0.3657024075935183,0.4207187226005594,0.5844790087778893,0.8692325488464773
91923.1596763094,0.1,0.3067600202281227,0.5802767639437977,0.5751202073719329,0.5286443285153388,0.23737193388603645,1.1152144346354589,0.6117917326837389,0.2128486921563462,0.36541615713630193,0.47480817854802226,0.5844564132773109,0.7696079672716581
120000.0,0.1,0.3056428246324243,0.653855290170934,0.573266347974324,0.46744720005633306,0.23758030733761115,1.3837044100599771,0.6116114987198885,0.1716987426001722,0.36509802855435325,0.5380180066355322,0.5838946731121382,0.6785981585216355
200.0,0.18,0.30715964603847506,0.16253652422894943,0.5683365849364455,1.889788449061511,0.2415152862449819,0.0629120203307171,0.6032071179665769,3.8389370580594893,0.361797896421386,0.16224366784226416,0.5704767428755179,2.229966205973176
261.08763106611656,0.18,0.30707321257526743,0.1650294642364673,0.5689357295640871,1.8607175027561658,0.2413405150715204,0.06472217239006949,0.6034083295156226,3.728869198286521,0.36183918942367355,0.16310576475481475,0.5706322331199155,2.2184328675789025
340.83375547858265,0.18,0.306984825615413,0.16807024226102701,0.5696419389181951,1.8265269418642245,0.2411411039533799,0.06699956873509874,0.6036544976577518,3.599144121461404,0.36189089406601704,0.1642016611160831,0.5708255949272232,2.203941736071578
444.93738902635585,0.18,0.30690176828411586,0.17174687811442685,0.5704565227106907,1.786942340108457,0.2409170299772647,0.06985354913910502,0.6039511476970212,3.448887464508169,0.36195784881781834,0.16559105718139538,0.5710639437228014,2.185853843672938
580.8382443681718,0.18,0.30683398036595283,0.1761552365403609,0.5713750152470614,1.7418385419138571,0.24066915403610936,0.07341728182174428,0.6043027251380605,3.278099489169993,0.362046702701533,0.16734864742539468,0.5713557130111278,2.1634277197426184
758.2484062734396,0.18,0.3067934811851709,0.18139913629609355,0.5723858213326737,1.6912620834335126,0.24039929262515947,0.07785372947761073,0.6047119755669557,3.087832711910016,0.36216563355476794,0.16956708790887232,0.5717106144704064,2.1358250473075335
989.8464007679534,0.18,0.3067929993092813,0.187590716286692,0.5734691260448255,1.6354380716816193,0.24011024000789438,0.08336354348346028,0.6051793959230914,2.8802787162656225,0.36232349864368996,0.17236012348538204,0.5721392986421301,2.102130651318655
1292.1832594791324,0.18,0.3068437673430773,0.19485161350255237,0.5745964388019806,1.5747561019763274,0.2398057258730448,0.09019520341334147,0.605702837824276,2.6587414496320463,0.3625284195334658,0.17586601678381686,0.5726526796097496,2.0613898362132326
1686.8653306034985,0.18,0.3069526602731633,0.2033160004118993,0.5757312547346491,1.5097319426474345,0.2394903053055637,0.09865750298296068,0.6062772915165396,2.4274920615710953,0.362785978921859,0.18025162169558123,0.5732609763028562,2.0126641608503903
2202.0983654741444,0.18,0.30711912258695495,0.2131370646668491,0.5768313147611753,1.4409465714797547,0.23916920291955956,0.10913424351101846,0.6068948201281029,2.191513820274133,0.3630973573085434,0.18571758574039293,0.5739725917519799,1.9551048752922218
2874.703228081056,0.18,0.30733258552889314,0.22449867073641533,0.5778526517886259,1.3689728519138245,0.23884816605169218,0.12210077548697756,0.6075445743764061,1.9561560121062957,0.36345780934187044,0.1925051541880836,0.5747929548348073,1.8880419637323618
3752.747279189005,0.18,0.3075712117694317,0.23763319346936,0.5787549196840175,1.2943108127235996,0.23853340818580315,0.13814185955482472,0.6082128150292399,1.7267279371690794,0.3638558448894978,0.20090480496596436,0.5757233601958508,1.8110858271963146
4898.979485566359,0.18,0.3078026700326663,0.25284466211758727,0.5795065993017194,1.2173587824825047,0.23823171492298637,0.1579703564038931,0.6088829192632869,1.5080786063043614,0.36427333981198706,0.21126642386339922,0.5767596748877467,1.7242367866628876
6395.314742640107,0.18,0.30798715696107476,0.2705338951897889,0.5800880698406125,1.1384420305079004,0.2379507086497154,0.18244695743059475,0.6095354594129777,1.304218563032135,0.36468660189635427,0.22400996862638192,0.5778906145718418,1.6279927368080738
8348.687880390582,0.18,0.3080821894084452,0.2912203069573178,0.5804907641226231,1.0579007783739431,0.2376991206363297,0.2126033325109137,0.6101486016816445,1.1180404268786697,0.36506825196275206,0.23963470697981792,0.579095264608073,1.5234364694655778
10898.695706007875,0.18,0.3080481498434126,0.31555453233823283,0.5807118322576992,0.9762120910157793,0.23748675964556282,0.24967553757122604,0.6106992016630014,0.9511815292590045,0.3653897421516583,0.25872437214681687,0.5803397543933816,1.412274147656691
14227.57321796025,0.18,0.30785351392432225,0.3443172755615443,0.5807454760907534,0.8940983673335775,0.23732381762133187,0.2951613290659478,0.611164935702922,0.8040478011545568,0.36562442694821856,0.28194528300220284,0.581573509692591,1.296792140145015
18573.216936484812,0.18,0.30747912306379716,0.3784025887330186,0.5805736454822299,0.8125714046865008,0.23721934430401642,0.35092213460937727,0.611527466057571,0.6759885481948095,0.3657511939567689,0.3100352227051174,0.582726215529076,1.1797085207465101
24246.18605611949,0.18,0.30692140814092134,0.4187882426655386,0.5801595684724633,0.7328797155034777,0.23717916615261997,0.4193532722607637,0.6117760054309602,0.5655832011849341,0.3657585441613308,0.3437838104882518,0.5837073549506423,1.06392021090775
31651.896398902696,0.18,0.3061946442812058,0.46650320223126673,0.5794474810993906,0.6563612914481373,0.23720400363757613,0.5036401880377321,0.6119100392040777,0.47097910228681966,0.36564856302244797,0.38401181342856155,0.5844106735437282,0.9521805065261886
41319.593247698205,0.18,0.3053319092734842,0.5226138249416633,0.5783708905066531,0.5842400156703984,0.2372886741213236,0.6081054033885643,0.6119399146840138,0.3902097774482395,0.36543956224630164,0.4315680135554952,0.584725642149304,0.8467716576944827
53940.17358828521,0.18,0.30438370937933784,0.5882645101687567,0.5768694944338292,0.5174266067691533,0.23742283786510174,0.7386403641436712,0.6118847899268898,0.3214322549788535,0.36516571956355337,0.48737502875386995,0.584556244933017,0.7492499574654373
70415.56070730239,0.18,0.30341295624592457,0.6648170769846621,0.5749113692874187,0.4563856235794686,0.23759299337495643,0.9032198608455501,0.6117686353849953,0.26305111709183804,0.36487240299806245,0.552561622871988,0.5838439439014859,0.6603288898378534
91923.1596763094,0.18,0.3024858818597449,0.7541238221977647,0.5725132066859884,0.40110903933282677,0.23778489138619208,1.1125161783421953,0.6116157696134171,0.21373611999110415,0.3646073940916722,0.6287080887017832,0.5825876800728361,0.5799311328164213
120000.0,0.18,0.30166055937063696,0.858936494625161,0.5697497258903539,0.35120240117667995,0.23798553839221742,1.3806568413799356,0.6114473230864035,0.17237124480139193,0.3644104283555527,0.7182011112508121,0.5808521444930892,0.5073932950631321
200.0,0.2872,0.3071361346505294,0.16334665243507512,0.568340879534773,1.8802719864284079,0.2415272416701696,0.06291755799718277,0.6032019715517679,3.838789192692195,0.36198554200831135,0.1640344742388728,0.5708873698981616,2.2067650333135167
261.08763106611656,0.2872,0.3070329515014674,0.16606676820698796,0.5689305791184212,1.848852451435541,0.24135462627968163,0.06472452855785,0.6034007213388591,3.7289514756984556,0.3620684736146453,0.16537830151934324,0.5711383543257502,2.1893348177378424
340.83375547858265,0.2872,0.30691999651525653,0.16940464015444723,0.569624142745875,1.8117567277698872,0.24115774084721217,0.06699828972623678,0.6036440523187132,3.599461147927988,0.36216996929333645,0.1670763542737872,0.571444490630513,2.167691358047293
444.93738902635585,0.2872,0.3068021322992943,0.17347273654346598,0.5704234105671167,1.7685899145449915,0.2409368114284379,0.06984800958631357,0.6039374008780022,3.449444198273167,0.3622950242507288,0.16921505903750542,0.5718141276590492,2.1410329926394343
580.8382443681718,0.2872,0.306686391308382,0.17840008506028965,0.5713255209183986,1.7190933020280705,0.2406930617866462,0.07340660007621456,0.6042851151294156,3.2789021904943985,0.36244942312422623,0.17190063172930248,0.5722562407508777,2.1084822055510952
758.2484062734396,0.2872,0.30658130693328406,0.18433467078369833,0.5723217863216894,1.6631776628338797,0.24042877250868583,0.0778366372250707,0.6046898329783204,3.08888951373204,0.36263902718247065,0.17526278043217347,0.5727800579368998,2.0691160227417003
989.8464007679534,0.2872,0.3064954687217481,0.1914461970801211,0.5733965591427483,1.6009483259334651,0.24014726680569032,0.08333817517066036,0.6051519263097289,2.8815997748200686,0.36286860568872836,0.1794589532571755,0.5733944056165138,2.022014500266898
1292.1832594791324,0.2872,0.3064353529690674,0.199929647144726,0.5745263759988136,1.5327159195516589,0.23985281193497499,0.09015878153147766,0.6056691010066501,2.6603377714375362,0.3631403615439345,0.18467947712724533,0.5741068138989366,1.9663276461072523
1686.8653306034985,0.2872,0.306402729453777,0.21001051635795992,0.5756798501403153,1.4589875534209817,0.23955044299194544,0.0986059154683834,0.6062361908837575,2.4293719281857276,0.36345244078351013,0.19115400613461633,0.5749224623057023,1.9013592659290444
2202.0983654741444,0.2872,0.3063921784269945,0.22195295056595246,0.5768188112184258,1.3804375100476587,0.23924574303718094,0.10906152866334236,0.6068451179733649,2.1936767801568138,0.36379776737772873,0.1991595722758977,0.5758430116337417,1.8266647353196568
2874.703228081056,0.2872,0.30638939956334127,0.23607192719417439,0.5779008903829582,1.2978646093371755,0.23894464210635655,0.12199854642691277,0.6074849442487891,1.958585975854263,0.3641634897670005,0.20903014412199145,0.5768652573140757,1.7421577700988053
3752.747279189005,0.2872,0.30637099148545904,0.2527496564160535,0.5788830737948669,1.2121519602825452,0.2386533146184548,0.13799872435190444,0.608141934715566,1.7293878312228128,0.364531202619116,0.22116695523123092,0.5779794089545416,1.6482173037016183
4898.979485566359,0.2872,0.306306171466154,0.2724545350447815,0.5797249721273101,1.1242469185393025,0.23837823914468786,0.15777143113681114,0.6087996037558843,1.51090877117023,0.36487798939449156,0.23604804944732588,0.5791667501346744,1.5457784559067669
6395.314742640107,0.2872,0.3061604924074694,0.29575884738950287,0.5803902076425601,1.0351693452614386,0.23812641275371813,0.1821736226751076,0.6094388311540999,1.30713991003186,0.36517827969425876,0.2542346709992515,0.5803965657972463,1.436382686354112
8348.687880390582,0.2872,0.30590111604119363,0.3233500352856443,0.5808448478470128,0.9460370578619653,0.23790558141095158,0.21223342771061116,0.6100382894612048,1.120961876633993,0.3654065312533665,0.276371587585521,0.5816225986751061,1.3221566458610523
10898.695706007875,0.2872,0.30550281367399595,0.3560308781078742,0.5810531994164165,0.8580795443855611,0.23772420640730213,0.24918419936462113,0.6105755462201649,0.9540099533335576,0.36554074609984255,0.3031787332209266,0.5827798959558312,1.2056938895957214
14227.57321796025,0.2872,0.30495370820627665,0.39470724817618896,0.5809729715713332,0.7726073174874959,0.23759084140462963,0.2945226488472668,0.6110291637464934,0.8066980326794466,0.3655666745092399,0.33543377199149005,0.5837836381838366,1.089832643680596
18573.216936484812,0.2872,0.30425976745327155,0.4403689440760765,0.5805530249953965,0.6909201285563605,0.2375127656614975,0.3501117194659639,0.6113817839084725,0.6783913604028536,0.365482147558531,0.3739508758160835,0.5845321718463196,0.9773533669654577
24246.18605611949,0.2872,0.30344703121351135,0.49407969342952757,0.5797369363432131,0.6141661664077136,0.2374941266464658,0.418351568420379,0.6116235645803574,0.5676902982417427,0.3653003728976145,0.4195712184023207,0.5849164999666405,0.8706516483390749
31651.896398902696,0.2872,0.302560493285441,0.5570052449003007,0.5784740219198472,0.5431914619396391,0.23753429112903418,0.5024359715174956,0.6117547413098875,0.47276529666380157,0.36505055165487876,0.4731935907091889,0.5848371817703405,0.7714613190507651
41319.593247698205,0.2872,0.3016587939273394,0.6305183439683493,0.5767363522894926,0.47842984555970675,0.23762722518295704,0.6066982188905378,0.6117860560606894,0.3916728577471404,0.3647743637328108,0.5358821706745509,0.5842264953816625,0.6806988246570039
53940.17358828521,0.2872,0.3008048621860298,0.7164174979765429,0.5745365624173743,0.41987369520653284,0.23776231162701855,0.737040243240463,0.6117365933137143,0.3225906777921317,0.3645181478195336,0.6090823780618988,0.5830696513004616,0.5984710130334603
70415.56070730239,0.2872,0.30005437789092576,0.8172759013696892,0.5719388608912,0.367139637162993,0.23792630326908368,0.9014428349601049,0.6116297628865569,0.2639394247108454,0.36432270611503703,0.6949498035558919,0.5814163865385003,0.5242431960565855
91923.1596763094,0.2872,0.29944550704145895,0.9369028850028123,0.5690567791006208,0.3196121090400529,0.2381056168890669,1.1105751843689524,0.611488930703251,0.21439846688485348,0.36421435572460875,0.7967626343215152,0.5793763035122894,0.45711776636558293
120000.0,0.2872,0.29899345450781173,1.080874436838317,0.5660364337300339,0.2766218205533681,0.2382881963684023,1.3785494969549206,0.6113340717768876,0.17285429133647892,0.36420067333202727,0.9193707465298665,0.5770980292102216,0.3961412462890409
200.0,0.5,0.30706580807043055,0.16479522798937146,0.5682991346591705,1.863317353401974,0.24154453460024658,0.06291506932869628,0.6031895258501079,3.839215901333758,0.3623079116367156,0.16739525985211923,0.571613706196354,2.1643857296603657
261.08763106611656,0.5,0.306924716683555,0.16790577171575882,0.5688558386484343,1.827958107379036,0.24137464359868624,0.06471653839053135,0.6033841972306768,3.729721174858167,0.3624573606351026,0.16961540718387874,0.5720188740640749,2.136936535736788
340.83375547858265,0.5,0.3067596951708606,0.17174816681237537,0.56950708977557,1.786101714296475,0.2411813359893638,0.06698401033860624,0.6036228625977418,3.600580717251546,0.36263392610551337,0.17239856821121807,0.5725013901275909,2.103462516354684
444.93738902635585,0.5,0.3065719011629648,0.17647212368431991,0.5702552135115847,1.737225657868618,0.24096537529663722,0.06982649303277343,0.6039109214228183,3.450916189984493,0.3628400219605072,0.17587471483190747,0.5730690725036991,2.063059617792655
580.8382443681718,0.5,0.3063638695927541,0.18225573289146932,0.5710989743395547,1.6809560101749412,0.24072863282730045,0.07337658140313591,0.604252670327108,3.2807283771469407,0.36307685817718716,0.18020163825867766,0.5737289111067903,2.0148366112853755
758.2484062734396,0.5,0.30613876570881643,0.18931065246368317,0.572032336468646,1.6171238212152126,0.24047408224032354,0.07779624774509888,0.6046506535886715,3.0910755879672007,0.36334364120072205,0.1855706082435354,0.5744864213581851,1.9579805478887284
989.8464007679534,0.5,0.3058990949523761,0.19788814837300053,0.5730430264722596,1.545818167825721,0.24020570455224807,0.08328452437341458,0.6051050936476493,2.8841577274940247,0.36363671664851593,0.19221326026986446,0.5753448113282653,1.8918399081206758
1292.1832594791324,0.5,0.3056450647015521,0.208286363255691,0.5741112196099105,1.4674271513701749,0.23992830983423202,0.0900874304480498,0.6056135014350659,2.6632828646676754,0.3639488292875953,0.20040987485941048,0.576303937955101,1.816022436733265
1686.8653306034985,0.5,0.30537294949934257,0.22085913955732994,0.5752087235735551,1.3826593280740134,0.23964729574377214,0.09851027060767152,0.6061705030631057,2.4327138100979853,0.36426868678594915,0.21049887874364037,0.5773589528730003,1.7305017915538636
2202.0983654741444,0.5,0.30507389660470247,0.23602640982064288,0.576298914295162,1.2925413594035047,0.2393683779608001,0.10893218792162054,0.6067678476910926,2.197407235894607,0.36458097254792265,0.2228868089476968,0.5784984530732094,1.6357225188390407
2874.703228081056,0.5,0.3047336267175189,0.2542854982531894,0.5773373942898947,1.1983916849796084,0.23909734288684215,0.12182265322326027,0.6073945166899754,1.962667341095063,0.3648669113659945,0.2380572241439974,0.5797019557376575,1.532685734188397
3752.747279189005,0.5,0.3043334535037596,0.27622165728465514,0.5782729996071053,1.1017725999309835,0.23883988714141763,0.13775944945317647,0.6080368536326254,1.733745946934825,0.36510550570455247,0.25657629352856104,0.5809366999947785,1.4229900225131689
4898.979485566359,0.5,0.3038529408437383,0.3025151209402703,0.579048613805963,1.004422324078578,0.23860160711582973,0.15744779371369264,0.6086786837357028,1.5154331571626174,0.36527561434936623,0.27909231600652407,0.582154163428961,1.3087985351084606
6395.314742640107,0.5,0.30327426136321567,0.3339417799911386,0.5796015421230445,0.9081650740774733,0.2383881548985164,0.1817409519427577,0.609301494192867,1.3116920119005466,0.36535902629667355,0.3063267855102009,0.5832872303637886,1.192710019426319
8348.687880390582,0.5,0.3025878419427107,0.3713667188105708,0.5798640550181021,0.814795259284009,0.23820546456116504,0.21166481149125302,0.6098848901620509,1.1253900111356432,0.3653444436167693,0.3390569589142775,0.5842495899447001,1.0775311758433426
10898.695706007875,0.5,0.3017981997908853,0.41573583113193535,0.5797657857530792,0.7259374275466491,0.23805980968418422,0.24845320297453136,0.6104076605584704,0.9581676019229562,0.36523176122829915,0.3780958234296514,0.5849394860515579,0.9659767143559951
14227.57321796025,0.5,0.3009281674823331,0.4680809401416855,0.5792401452215589,0.6428977163463306,0.2379573855333219,0.29360730675713653,0.6108497550519744,0.8104613885857866,0.36503534717743646,0.4242858268945865,0.5852499010045343,0.8603524417706492
18573.216936484812,0.5,0.3000193693929775,0.5295657239115128,0.578235894657818,0.5665384971990917,0.2379032450580646,0.3489991878055716,0.6111951551022684,0.6816727756701862,0.3647845651123326,0.47853549588366256,0.5850858666907842,0.7622936401796532
24246.18605611949,0.5,0.2991273769320429,0.6016068370537079,0.5767322795521936,0.49721405826599435,0.23789978337992046,0.4170419611090538,0.6114350321342434,0.5704456758913792,0.36452008932809665,0.5419356864349018,0.5843864336551682,0.672626103894495
31651.896398902696,0.5,0.2983117348181196,0.6860991104696987,0.5747528370939102,0.4347939390475196,0.23794537457412002,0.5009432783198187,0.6115700394017766,0.4749946448472114,0.3642859967804305,0.6159843989304823,0.5831448555057326,0.5913883491415218
41319.593247698205,0.5,0.2976235026631846,0.7857532245098781,0.5723714216099854,0.37877477734670506,0.23803388332467418,0.6050465295184045,0.6116105859240378,0.393414178433749,0.36411977809402984,0.7029220432116748,0.5814184548253082,0.518008763006427
53940.17358828521,0.5,0.29709465350684894,0.9045281008342134,0.5697059679848411,0.32845265197714624,0.2381554168760847,0.7352550532040711,0.611574716310166,0.32390857545046253,0.36404396050930277,0.806145628028508,0.5793221570925828,0.4515858522976806
70415.56070730239,0.5,0.2967331982833905,1.0481267672845613,0.5669005613220446,0.283108119690668,0.23829806122469352,0.8995394033655488,0.6114843364003525,0.26491119825671,0.3640626079789073,0.9306564417339511,0.5770065774806344,0.39118904856082515
91923.1596763094,0.5,0.2965252758297377,1.2245375125243545,0.5641015781429392,0.2421528722451777,0.23844991097022175,1.1085476697971988,0.611361196030669,0.2151011791976835,0.364163570756038,1.08351828300083,0.5746286627039355,0.33609360955818685
120000.0,0.5,0.2964423484716547,1.4446385004018956,0.5614357793876877,0.20520175004970795,0.2386007135572954,1.3763650152766105,0.6112238726278357,0.17335569482586957,0.3643246552911845,1.2743513904322117,0.572325385899785,0.2858902638836682
200.0,1.0,0.30684953121051745,0.1676878736708632,0.5680645194971414,1.8298850387524142,0.24157024730613527,0.0628907568692581,0.6031594223251783,3.8411089217502843,0.36291294362871973,0.17462755495549637,0.5730242843459222,2.0782112177039167
261.08763106611656,1.0,0.3066195101440119,0.17152182788812373,0.5685134158880879,1.7876413394102035,0.24140528337944103,0.06468206401805199,0.6033468620996171,3.7321827471687934,0.36316093868065713,0.1786494314094171,0.573684818082621,2.0328132914590062
340.83375547858265,1.0,0.30633912669166996,0.1762761213559571,0.5690300768551293,1.7378367775240222,0.24121930183177553,0.06693837750902829,0.6035776868572355,3.603602459579203,0.36343425645814553,0.18364007068941454,0.5744449200766404,1.9790574850780362
444.93738902635585,1.0,0.3060037747283764,0.18215248835034803,0.5696146120352248,1.6799318938746288,0.24101395756803262,0.06976833413489676,0.6038573037102971,3.4544892114240997,0.36372640036242787,0.18981248736315487,0.5753070993460389,1.9162406299778147
580.8382443681718,1.0,0.3056096413646071,0.18939462417134018,0.5702636701154697,1.6136130721858841,0.24079197216321568,0.0733036789564768,0.6041899120080879,3.2848552158778155,0.3640279701995836,0.19742502912723608,0.5762707680942494,1.8438795314295007
758.2484062734396,1.0,0.3051536384994633,0.19829659887770676,0.5709691257147501,1.5388747977853987,0.2405570322174458,0.07770493902083782,0.6045778463832849,3.0957753168422997,0.3643268656149311,0.2067907079144862,0.577331231645357,1.761814490066887
989.8464007679534,1.0,0.30463322290799233,0.2092126344100815,0.571716668425934,1.4560938146349,0.24031361918715682,0.08316905037847931,0.6050210378976535,2.8894596979712537,0.3646086736131767,0.21828708765216523,0.5784781539154588,1.6703171842860953
1292.1832594791324,1.0,0.3040461639271646,0.22256779995312792,0.5724843691186826,1.3660833417556169,0.24006677617870142,0.08993927753097711,0.6055166847607549,2.6692095241260643,0.364857229727329,0.23236550392654393,0.5796932973471232,1.5701867254903237
1686.8653306034985,1.0,0.30339038684308123,0.23886851010617416,0.5732412574004208,1.270114619579734,0.23982181567577193,0.09831755048776725,0.6060591596659112,2.4392574315163675,0.36505544515065014,0.24955770827664578,0.580947492306026,1.462809735157409
2202.0983654741444,1.0,0.3026641159312885,0.25871111005490943,0.5739460212014903,1.1698922240604603,0.23958398448981316,0.10867913433487089,0.606640112433088,2.2045076633715883,0.36518661258035223,0.27047746808125966,0.5821971283439438,1.3501553943511444
2874.703228081056,1.0,0.30186663249166795,0.282786584311577,0.5745461469699156,1.0674715465252353,0.239358133289907,0.12148938080019953,0.60724868055413,1.9701979853165397,0.3652364557691839,0.2958146362344336,0.5833809585152605,1.2346801375971586
3752.747279189005,1.0,0.3009999688605315,0.31188001862916753,0.5749781102793622,0.9651146302464068,0.2391484785398338,0.1373222044482581,0.607871711157467,1.7415135410962836,0.36519605643775693,0.3263206239675947,0.5844186016073138,1.1191326248322655
4898.979485566359,1.0,0.3000716465971465,0.3468658808109858,0.5751695657427327,0.8650941565528655,0.2389585623906068,0.15688000582823325,0.6084939387527319,1.5231932273908808,0.3650653885626206,0.362788544841078,0.5852126825749564,1.006275952628383
6395.314742640107,1.0,0.2990980218743126,0.38870585221410914,0.5750447584511215,0.7694713629100747,0.2387914680819651,0.18101543794046032,0.6090981649538834,1.319177362985518,0.3648565507659778,0.40603994308297253,0.5856567302888909,0.8985730516946233
8348.687880390582,1.0,0.2981069957118517,0.4384653961001872,0.5745341973354204,0.6798871663836744,0.23865021851394969,0.21075738624366977,0.6096656326772693,1.1323456926820645,0.3645951740873415,0.4569422597561585,0.5856501039782062,0.7979020681560579
10898.695706007875,1.0,0.2971382066174581,0.4973760905232641,0.5735884031928159,0.5974115207364594,0.23853812037128308,0.24734753414749863,0.6101769074483812,0.9643844689756951,0.3643183891194982,0.5164916487549788,0.5851187177228749,0.7053713065791102
14227.57321796025,1.0,0.29623905340048956,0.5669763855961268,0.5721931072640599,0.5224892269349449,0.23845872430428414,0.29229996929645213,0.6106135552042156,0.8158014004525538,0.3640686586767409,0.5859945969529842,0.5840365126017784,0.6212833029004038
18573.216936484812,1.0,0.295456463685178,0.6493558517109934,0.5703806777102168,0.4549993087868187,0.23841517214394492,0.34750278768520465,0.6109606321675112,0.6860813224897641,0.3638846906756198,0.6673615656518375,0.5824395773453939,0.5452586864516235
24246.18605611949,1.0,0.2948267276049409,0.7475055895175533,0.5682319324459411,0.39441407761943914,0.23840902505804135,0.4153837637942198,0.611209493288845,0.5739488295843663,0.36379255839621427,0.7634926986332401,0.5804255361220346,0.4764846593129894
31651.896398902696,1.0,0.2943673759254878,0.8657521077506407,0.5658654360112506,0.3400134672386767,0.23843905963342832,0.4991579922593887,0.6113599346688064,0.47768254406617383,0.36380057481296746,0.8787122136660004,0.5781364225362738,0.4140156118863832
41319.593247698205,1.0,0.2940744955090555,1.0102441509005207,0.5634168678889415,0.2910925000129134,0.2385006866840582,0.6031647415093517,0.6114206355872637,0.3954154980731087,0.3638997542450554,1.0192172123989345,0.5757308433427031,0.35703847012997697
53940.17358828521,1.0,0.29392619391781805,1.1894833845485422,0.5610156016662695,0.2471040770606267,0.23858639277560684,0.7332916355454586,0.6114074819884942,0.3253635814325558,0.3640689500741663,1.1935479172690389,0.5733556765507023,0.30503086202621316
70415.56070730239,1.0,0.2938900449346942,1.414930809225333,0.5587661793044538,0.20770630126825593,0.23868706723121225,0.8974868515433734,0.6113403170473628,0.26595048921413317,0.36428190406089317,1.4131345752494788,0.5711261201061071,0.25778288242404784
91923.1596763094,1.0,0.29393115197439035,1.7017590434777754,0.5567390077869036,0.17272195678990027,0.23879364878678797,1.106377134946736,0.6112393117762623,0.21583386102631644,0.36451344086497683,1.6930061468941433,0.5691175408439317,0.21530544442126492
120000.0,1.0,0.2940182396647677,2.0698423565881265,0.5549701430396964,0.1420486148275657,0.2388984801384254,1.3740342308030504,0.6111220896412205,0.17386646910448647,0.36474331592306974,2.052753525790202,0.5673673774354058,0.1776849053432573
