window,side,n,share_mean,share_sd,gs_pct_mean,gs_pct_sd,age_mean,age_sd,apm_mean,apm_sd,spm_mean,spm_sd,u_mean,u_sd,rapm1_mean,rapm1_sd
1997-1999,D,604,0.5128282018000995,0.1798223750581395,0.6357866886177275,0.3422129709060831,28.126079758337703,4.11281042368377,-0.663396182191985,3.15908470285516,-4.093689614225275e-17,0.7516251577860128,-0.17427419566437713,1.2818420111177704,-0.1742741956643771,1.5329271616084046
1997-1999,O,604,0.5130023559600686,0.17973625287983788,0.6361855740292711,0.34209645279701834,28.124189501630756,4.1122557776857604,1.6140835044356574,3.083096732126944,1.4327913649788462e-16,1.8070350814363592,-0.014948249152347546,0.6220765534141307,-0.014948249152347442,1.8614436133436778
2000-2002,D,597,0.5076616805674531,0.1841908414372948,0.6290960724068613,0.3456233827338683,28.041858941580468,4.340842934606454,-0.43639311253808516,3.0415995900280346,0.0,0.7809014658994285,-0.17013816974426502,1.2800158781087019,-0.17013816974426513,1.4733015873262802
2000-2002,O,597,0.5078904028435872,0.18408698441554977,0.6296185797841538,0.3454585674857865,28.04017701694009,4.34031134101388,1.7366094433658137,3.1085926189743653,3.497536328789282e-17,1.9015239455473445,-0.005514005763293246,0.662202549031025,-0.005514005763293196,1.9395771342194537
2003-2005,D,597,0.5056510434985562,0.1766539823387803,0.6313447027951767,0.3357846945341666,27.460665371155226,4.111474227952635,-0.41463577456288914,2.9555048193794025,-6.118565410692894e-17,0.7103280708801918,-0.10844172306097703,1.2390562239322243,-0.10844172306097709,1.4224460073407341
2003-2005,O,597,0.505882487003114,0.1765664150164394,0.631878018366117,0.3356366229840388,27.458704368327002,4.111251227300594,1.6990274210799854,3.1571729110854863,-1.0488969275473531e-16,1.781319526253504,0.012652266128285012,0.680133046863256,0.012652266128284904,1.900708763002769
2006-2008,D,614,0.5024681721638871,0.1751309197748444,0.6279559006036012,0.34216215056930704,27.086456545484243,3.855969568881903,-0.6217365083425704,2.898055875335988,6.783832933792608e-17,0.7501435281706681,-0.1258552937500002,1.176364135503071,-0.12585529375000015,1.4151647718000555
2006-2008,O,614,0.5026773482441842,0.17506052721473628,0.6283831794848329,0.34206162335558266,27.084918156019278,3.8552901167976406,1.6558799102343953,3.246432774295436,-1.695958233448152e-16,1.7703432957973932,0.007236260490875521,0.6641000477001019,0.007236260490875389,1.8950843700130109
2009-2011,D,593,0.4949910813851025,0.1677865882055343,0.6214613104778685,0.34260930011769414,27.031326398892755,4.053368286225716,-0.4495274131372733,2.8427506301689047,-8.453866541395606e-17,0.7618703638311737,-0.14485608672493902,1.1961080682994896,-0.14485608672493913,1.3800135743167103
2009-2011,O,593,0.4952244358969994,0.1676878710768224,0.6219367013291219,0.3424830615878106,27.030514151100963,4.0533836364196745,1.556491044557485,2.8199045315822917,6.763093233116485e-17,1.690387324680623,-0.012098026379502008,0.6363037211043046,-0.012098026379501945,1.744618212385609
2012-2014,D,657,0.47045621878361765,0.16049837429075484,0.6012264028471034,0.3498605853596543,27.04565019001421,4.070224508727083,-0.47300306365102207,2.8696059961484646,1.8060283283705347e-17,0.7622826142846143,-0.10119290445991491,1.0899445555482543,-0.10119290445991488,1.3942494498354727
2012-2014,O,657,0.47071611578299405,0.16043666875499824,0.6017515501507761,0.3497908915197837,27.04631883995017,4.07021741046563,1.585377833178139,3.0096139012184837,1.6254254955334812e-16,1.576558407108948,0.012270712903527952,0.6455533498157077,0.012270712903528127,1.6743201602739983
2015-2017,D,665,0.453093503897306,0.15034719199776164,0.585094921910032,0.3525173856852363,27.129660503100293,4.061268382425881,-0.6589701126829215,2.810812098808054,-3.2814724607363124e-17,0.8071022671555723,-0.10311774073593498,1.0788334189688293,-0.10311774073593502,1.3234793519922974
2015-2017,O,665,0.45328083407998243,0.15031037172703207,0.5855151943061181,0.3524897687556887,27.130037729147844,4.0616028988763855,1.5989279259683404,3.2245956389306927,-2.2970307225154185e-16,1.4538975855172385,0.047748448241510776,0.653862438732348,0.047748448241510484,1.7032816179129455
2018-2020,D,779,0.4415940866807956,0.14856048307455244,0.5846166557926243,0.3523287157780099,26.716409489028422,4.0650021392982305,-0.3808487205197827,2.587988474726505,6.629819544968055e-17,0.8320279013143448,-0.08517183402411692,0.9890887497706219,-0.08517183402411688,1.286821833180503
2018-2020,O,779,0.44177214193448683,0.14851385585834537,0.5850526487257686,0.35230218245296796,26.71713503062471,4.065749660057512,1.294141160911048,2.895419435234417,-1.325963908993611e-16,1.451892656105903,0.018550516870432205,0.5836749042431718,0.01855051687043206,1.5984228098207525
2021-2023,D,784,0.42319305420936576,0.14746845363748326,0.5949156651418298,0.35078503231121444,26.526739074080357,4.160850891798337,-0.4360008329930153,2.4428553129397432,9.927810142282852e-17,0.9114990523157874,-0.00942319355796987,0.9583838583266103,-0.0094231935579697,1.2361206671445952
2021-2023,O,784,0.4233621503685946,0.14743588350119738,0.5953720057896578,0.3507689483712501,26.5266803208205,4.160762176143523,1.6340751455038465,3.007092893197179,-9.927810142282852e-17,1.4069516981309258,0.03681601037737789,0.6255727190762673,0.036816010377377785,1.5729350183840587
2024-2026,D,802,0.4202288940169467,0.1496557192437405,0.5914154953955024,0.34925181570736585,26.673719781277022,4.255103577025221,-0.4038930318022579,2.7539301280914406,0.0,0.9036223236944001,-0.031661125815704634,1.1634170417116005,-0.031661125815704634,1.4046702170985939
2024-2026,O,802,0.4204108743174938,0.1496018339760653,0.5918378664459104,0.34922524685142703,26.674239745451278,4.254805575845182,1.6424578807754313,2.9331815076164878,-6.342759327065951e-17,1.4601219320162895,0.032025245094848505,0.6497659769210072,0.03202524509484835,1.6046056679607617
