held_out,k,train,method,lam,n,mse,base,calib,calib_side,scale,scale_off,scale_def,covered,tg,tg_base,tg_n
1998,2,"1997,1999","1 RAPM, no prior",18351.8,218711.0,3450.85939,3469.24416,3450.62199,3448.81179,1.12728,1.70271,0.90915,0.9385,118.63632,130.93198,218711.0
1998,2,"1997,1999","2 PI-RAPM, team-priced",18351.8,218711.0,3440.9631,3469.24416,3439.35632,3439.33863,0.81178,0.82848,0.78933,0.9385,116.12888,130.93198,218711.0
1998,2,"1997,1999",3 hybrid,18351.8,218711.0,3442.95021,3469.24416,3442.67562,3442.66743,0.90772,0.89653,0.92981,0.9385,116.10562,130.93198,218711.0
1998,2,"1997,1999",4 hybrid + xPTS(ft),18351.8,218711.0,3442.49499,3469.24416,3442.29569,3442.26376,0.92081,0.89883,0.9652,0.9385,116.01056,130.93198,218711.0
1998,4,"1997,1999,2000,2001","1 RAPM, no prior",18351.8,218711.0,3447.41939,3469.24416,3447.20341,3445.26115,1.10987,1.58259,0.88019,0.94989,117.57314,130.93198,218711.0
1998,4,"1997,1999,2000,2001","2 PI-RAPM, team-priced",18351.8,218711.0,3439.7281,3469.24416,3438.68805,3438.61919,0.84424,0.87875,0.79893,0.94989,115.56503,130.93198,218711.0
1998,4,"1997,1999,2000,2001",3 hybrid,18351.8,218711.0,3441.29369,3469.24416,3441.1387,3441.11065,0.93087,0.95355,0.89383,0.94989,115.7397,130.93198,218711.0
1998,4,"1997,1999,2000,2001",4 hybrid + xPTS(ft),18351.8,218711.0,3440.8913,3469.24416,3440.80311,3440.79468,0.94725,0.95965,0.92648,0.94989,115.5571,130.93198,218711.0
1999,2,"1998,2000","1 RAPM, no prior",18351.8,131629.0,3526.41493,3547.27005,3525.90098,3525.19008,1.18355,1.48665,1.03438,0.92955,113.0997,125.09152,131629.0
1999,2,"1998,2000","2 PI-RAPM, team-priced",18351.8,131629.0,3519.84989,3547.27005,3518.61654,3518.61307,0.82818,0.82041,0.8384,0.92955,112.49277,125.09152,131629.0
1999,2,"1998,2000",3 hybrid,18351.8,131629.0,3521.07261,3547.27005,3520.93155,3520.78825,0.93181,0.88377,1.02464,0.92955,112.74621,125.09152,131629.0
1999,2,"1998,2000",4 hybrid + xPTS(ft),18351.8,131629.0,3520.62536,3547.27005,3520.5382,3520.35571,0.94598,0.89109,1.05175,0.92955,112.47614,125.09152,131629.0
1999,4,"1997,1998,2000,2001","1 RAPM, no prior",18351.8,131629.0,3522.48633,3547.27005,3522.32962,3521.98768,1.08609,1.26198,0.99751,0.94318,112.09987,125.09152,131629.0
1999,4,"1997,1998,2000,2001","2 PI-RAPM, team-priced",18351.8,131629.0,3517.6122,3547.27005,3516.42866,3516.4139,0.83619,0.81936,0.85504,0.94318,111.5364,125.09152,131629.0
1999,4,"1997,1998,2000,2001",3 hybrid,18351.8,131629.0,3518.4283,3547.27005,3518.22594,3518.1269,0.92296,0.87888,0.98483,0.94318,111.86183,125.09152,131629.0
1999,4,"1997,1998,2000,2001",4 hybrid + xPTS(ft),18351.8,131629.0,3518.05012,3547.27005,3517.89747,3517.79229,0.93276,0.88681,0.99644,0.94318,111.68101,125.09152,131629.0
2000,2,"1999,2001","1 RAPM, no prior",18351.8,225508.0,3367.80465,3385.27407,3367.37326,3366.04636,1.18377,1.65399,0.97097,0.93622,105.68562,117.56314,225508.0
2000,2,"1999,2001","2 PI-RAPM, team-priced",18351.8,225508.0,3361.43823,3385.27407,3360.09214,3360.03855,0.81221,0.84405,0.77137,0.93622,107.11446,117.56314,225508.0
2000,2,"1999,2001",3 hybrid,18351.8,225508.0,3362.55975,3385.27407,3362.43629,3362.42578,0.93151,0.91785,0.95868,0.93622,106.10089,117.56314,225508.0
2000,2,"1999,2001",4 hybrid + xPTS(ft),18351.8,225508.0,3362.64409,3385.27407,3362.53984,3362.51696,0.93658,0.91662,0.97797,0.93622,106.36303,117.56314,225508.0
2000,4,"1998,1999,2001,2002","1 RAPM, no prior",18351.8,225508.0,3364.40123,3385.27407,3364.0572,3363.59933,1.14592,1.3399,1.00772,0.959,104.98643,117.56314,225508.0
2000,4,"1998,1999,2001,2002","2 PI-RAPM, team-priced",18351.8,225508.0,3360.53283,3385.27407,3359.54535,3359.51863,0.83618,0.81521,0.86773,0.959,106.17879,117.56314,225508.0
2000,4,"1998,1999,2001,2002",3 hybrid,18351.8,225508.0,3361.98384,3385.27407,3361.79485,3361.68432,0.91767,0.87507,1.00231,0.959,106.204,117.56314,225508.0
2000,4,"1998,1999,2001,2002",4 hybrid + xPTS(ft),18351.8,225508.0,3362.14299,3385.27407,3361.96244,3361.85554,0.91911,0.87674,1.00295,0.959,106.47661,117.56314,225508.0
2001,2,"2000,2002","1 RAPM, no prior",18351.8,221078.0,3312.522,3330.84452,3312.02877,3310.69774,1.19318,1.64057,0.96509,0.94104,109.4424,120.92584,221078.0
2001,2,"2000,2002","2 PI-RAPM, team-priced",18351.8,221078.0,3302.77246,3330.84452,3302.31097,3302.15036,0.88717,0.94465,0.81295,0.94104,109.65196,120.92584,221078.0
2001,2,"2000,2002",3 hybrid,18351.8,221078.0,3304.58973,3330.84452,3304.584,3304.56393,1.01499,1.03526,0.97674,0.94104,108.72393,120.92584,221078.0
2001,2,"2000,2002",4 hybrid + xPTS(ft),18351.8,221078.0,3304.15539,3330.84452,3304.11691,3304.11573,1.03944,1.0443,1.02982,0.94104,108.32504,120.92584,221078.0
2001,4,"1999,2000,2002,2003","1 RAPM, no prior",18351.8,221078.0,3308.38896,3330.84452,3307.69977,3307.00502,1.20855,1.47399,1.04391,0.95692,108.69298,120.92584,221078.0
2001,4,"1999,2000,2002,2003","2 PI-RAPM, team-priced",18351.8,221078.0,3302.49165,3330.84452,3302.06406,3302.04069,0.89135,0.91336,0.86345,0.95692,110.39252,120.92584,221078.0
2001,4,"1999,2000,2002,2003",3 hybrid,18351.8,221078.0,3303.27943,3330.84452,3303.27447,3303.24495,1.01359,0.98878,1.05647,0.95692,109.21462,120.92584,221078.0
2001,4,"1999,2000,2002,2003",4 hybrid + xPTS(ft),18351.8,221078.0,3303.15467,3330.84452,3303.13666,3303.09783,1.02616,0.99763,1.07605,0.95692,109.04201,120.92584,221078.0
2002,2,"2001,2003","1 RAPM, no prior",18351.8,219113.0,3344.79108,3361.07336,3344.71512,3343.0148,1.07313,1.5577,0.8365,0.95682,114.09849,124.26847,219113.0
2002,2,"2001,2003","2 PI-RAPM, team-priced",18351.8,219113.0,3336.63743,3361.07336,3335.23197,3335.18205,0.81089,0.83841,0.77014,0.95682,113.87202,124.26847,219113.0
2002,2,"2001,2003",3 hybrid,18351.8,219113.0,3339.22796,3361.07336,3338.80437,3338.77502,0.8788,0.89999,0.83494,0.95682,113.97489,124.26847,219113.0
2002,2,"2001,2003",4 hybrid + xPTS(ft),18351.8,219113.0,3339.06352,3361.07336,3338.69389,3338.67552,0.88612,0.90285,0.85091,0.95682,113.8849,124.26847,219113.0
2002,4,"2000,2001,2003,2004","1 RAPM, no prior",18351.8,219113.0,3342.22054,3361.07336,3342.2205,3340.73708,1.00132,1.36449,0.79524,0.97273,114.00204,124.26847,219113.0
2002,4,"2000,2001,2003,2004","2 PI-RAPM, team-priced",18351.8,219113.0,3336.57228,3361.07336,3335.21835,3335.01518,0.81378,0.87563,0.73806,0.97273,114.50207,124.26847,219113.0
2002,4,"2000,2001,2003,2004",3 hybrid,18351.8,219113.0,3337.933,3361.07336,3337.53235,3337.39074,0.8846,0.93734,0.8031,0.97273,114.1277,124.26847,219113.0
2002,4,"2000,2001,2003,2004",4 hybrid + xPTS(ft),18351.8,219113.0,3337.6527,3361.07336,3337.32343,3337.19677,0.89466,0.94487,0.81708,0.97273,114.03567,124.26847,219113.0
2003,2,"2002,2004","1 RAPM, no prior",18351.8,220191.0,3308.20446,3326.26225,3308.0369,3307.14032,1.10605,1.4538,0.92951,0.94159,115.45807,125.5491,220191.0
2003,2,"2002,2004","2 PI-RAPM, team-priced",18351.8,220191.0,3295.2044,3326.26225,3294.83665,3294.74002,0.90238,0.94095,0.83993,0.94159,110.55677,125.5491,220191.0
2003,2,"2002,2004",3 hybrid,18351.8,220191.0,3298.69476,3326.26225,3298.66339,3298.59887,0.96738,1.00102,0.90276,0.94159,112.00383,125.5491,220191.0
2003,2,"2002,2004",4 hybrid + xPTS(ft),18351.8,220191.0,3298.6143,3326.26225,3298.58603,3298.52033,0.96903,1.00328,0.90439,0.94159,112.04009,125.5491,220191.0
2003,4,"2001,2002,2004,2005","1 RAPM, no prior",18351.8,220191.0,3302.48341,3326.26225,3302.17098,3301.31581,1.12851,1.38794,0.96187,0.96028,112.85454,125.5491,220191.0
2003,4,"2001,2002,2004,2005","2 PI-RAPM, team-priced",18351.8,220191.0,3292.26002,3326.26225,3291.97401,3291.75277,0.91631,0.97404,0.83106,0.96028,108.41146,125.5491,220191.0
2003,4,"2001,2002,2004,2005",3 hybrid,18351.8,220191.0,3294.41785,3326.26225,3294.41782,3294.32326,0.999,1.03882,0.93032,0.96028,109.26349,125.5491,220191.0
2003,4,"2001,2002,2004,2005",4 hybrid + xPTS(ft),18351.8,220191.0,3294.40137,3326.26225,3294.40125,3294.29054,1.00189,1.04543,0.92794,0.96028,109.29337,125.5491,220191.0
2004,2,"2003,2005","1 RAPM, no prior",18351.8,218039.0,3384.10834,3405.65578,3382.4021,3381.368,1.37151,1.78884,1.17549,0.95023,109.12898,123.95852,218039.0
2004,2,"2003,2005","2 PI-RAPM, team-priced",18351.8,218039.0,3375.77782,3405.65578,3375.35717,3375.35203,0.89459,0.90398,0.88116,0.95023,106.84268,123.95852,218039.0
2004,2,"2003,2005",3 hybrid,18351.8,218039.0,3376.44041,3405.65578,3376.29662,3376.14577,1.07525,1.02394,1.18413,0.95023,107.20112,123.95852,218039.0
2004,2,"2003,2005",4 hybrid + xPTS(ft),18351.8,218039.0,3376.60101,3405.65578,3376.45236,3376.31454,1.07683,1.02767,1.18168,0.95023,107.29102,123.95852,218039.0
2004,4,"2002,2003,2005,2006","1 RAPM, no prior",18351.8,218039.0,3380.55613,3405.65578,3379.63031,3379.12276,1.23245,1.44254,1.09753,0.97285,106.87416,123.95852,218039.0
2004,4,"2002,2003,2005,2006","2 PI-RAPM, team-priced",18351.8,218039.0,3376.5047,3405.65578,3375.87523,3375.87326,0.87307,0.87901,0.86524,0.97285,106.83875,123.95852,218039.0
2004,4,"2002,2003,2005,2006",3 hybrid,18351.8,218039.0,3376.57348,3405.65578,3376.57281,3376.45962,1.00484,0.95964,1.08574,0.97285,106.69917,123.95852,218039.0
2004,4,"2002,2003,2005,2006",4 hybrid + xPTS(ft),18351.8,218039.0,3376.78418,3405.65578,3376.78389,3376.67872,1.00316,0.95943,1.08165,0.97285,106.91314,123.95852,218039.0
2005,2,"2004,2006","1 RAPM, no prior",18351.8,227700.0,3603.14643,3622.05111,3602.74721,3600.81328,1.16796,1.7678,0.93848,0.95259,111.78115,122.89152,227700.0
2005,2,"2004,2006","2 PI-RAPM, team-priced",18351.8,227700.0,3591.04929,3622.05111,3590.52353,3590.4999,0.88563,0.90498,0.85583,0.95259,108.12724,122.89152,227700.0
2005,2,"2004,2006",3 hybrid,18351.8,227700.0,3593.07673,3622.05111,3593.07487,3593.02895,1.00809,1.03762,0.955,0.95259,108.17738,122.89152,227700.0
2005,2,"2004,2006",4 hybrid + xPTS(ft),18351.8,227700.0,3592.58093,3622.05111,3592.56256,3592.53694,1.0256,1.0478,0.98551,0.95259,107.96671,122.89152,227700.0
2005,4,"2003,2004,2006,2007","1 RAPM, no prior",18351.8,227700.0,3597.72355,3622.05111,3596.89337,3595.69407,1.22198,1.57708,1.01667,0.96121,109.46213,122.89152,227700.0
2005,4,"2003,2004,2006,2007","2 PI-RAPM, team-priced",18351.8,227700.0,3588.73888,3622.05111,3588.44813,3588.44142,0.9149,0.92513,0.89852,0.96121,107.61614,122.89152,227700.0
2005,4,"2003,2004,2006,2007",3 hybrid,18351.8,227700.0,3589.70345,3622.05111,3589.66065,3589.65756,1.03772,1.04526,1.02418,0.96121,106.81154,122.89152,227700.0
2005,4,"2003,2004,2006,2007",4 hybrid + xPTS(ft),18351.8,227700.0,3589.42853,3622.05111,3589.3554,3589.35404,1.04964,1.05467,1.0406,0.96121,106.89227,122.89152,227700.0
2006,2,"2005,2007","1 RAPM, no prior",18351.8,226578.0,3611.14959,3629.10384,3610.71311,3609.35458,1.18211,1.6739,0.97702,0.94541,109.58799,121.2135,226578.0
2006,2,"2005,2007","2 PI-RAPM, team-priced",18351.8,226578.0,3601.59443,3629.10384,3601.16314,3600.78757,0.88949,0.97498,0.77442,0.94541,109.09946,121.2135,226578.0
2006,2,"2005,2007",3 hybrid,18351.8,226578.0,3601.17291,3629.10384,3601.08391,3600.98686,1.05973,1.10626,0.98156,0.94541,107.9211,121.2135,226578.0
2006,2,"2005,2007",4 hybrid + xPTS(ft),18351.8,226578.0,3600.9402,3629.10384,3600.79049,3600.73908,1.07842,1.11186,1.01949,0.94541,107.87675,121.2135,226578.0
2006,4,"2004,2005,2007,2008","1 RAPM, no prior",18351.8,226578.0,3608.53661,3629.10384,3608.07897,3607.25074,1.17307,1.46913,1.00182,0.9476,109.07877,121.2135,226578.0
2006,4,"2004,2005,2007,2008","2 PI-RAPM, team-priced",18351.8,226578.0,3601.62567,3629.10384,3601.42636,3601.234,0.92178,0.98495,0.83654,0.9476,108.76218,121.2135,226578.0
2006,4,"2004,2005,2007,2008",3 hybrid,18351.8,226578.0,3601.58365,3629.10384,3601.50117,3601.42953,1.05783,1.09933,0.99428,0.9476,108.23171,121.2135,226578.0
2006,4,"2004,2005,2007,2008",4 hybrid + xPTS(ft),18351.8,226578.0,3601.52375,3629.10384,3601.40729,3601.35571,1.06934,1.10456,1.01445,0.9476,108.41216,121.2135,226578.0
2007,2,"2006,2008","1 RAPM, no prior",18351.8,229639.0,3688.15861,3705.22283,3687.90544,3687.1774,1.13754,1.4282,0.95493,0.92576,110.74458,122.11988,229639.0
2007,2,"2006,2008","2 PI-RAPM, team-priced",18351.8,229639.0,3681.8412,3705.22283,3680.14191,3680.13902,0.79347,0.79961,0.78284,0.92576,110.48411,122.11988,229639.0
2007,2,"2006,2008",3 hybrid,18351.8,229639.0,3682.77788,3705.22283,3682.36243,3682.30612,0.88121,0.85434,0.9467,0.92576,110.54782,122.11988,229639.0
2007,2,"2006,2008",4 hybrid + xPTS(ft),18351.8,229639.0,3682.54056,3705.22283,3682.1845,3682.09835,0.88943,0.85631,0.97189,0.92576,110.51323,122.11988,229639.0
2007,4,"2005,2006,2008,2009","1 RAPM, no prior",18351.8,229639.0,3684.68189,3705.22283,3684.46943,3683.55459,1.11257,1.39348,0.93336,0.94978,109.57988,122.11988,229639.0
2007,4,"2005,2006,2008,2009","2 PI-RAPM, team-priced",18351.8,229639.0,3680.23655,3705.22283,3679.05296,3679.02182,0.82463,0.84699,0.79295,0.94978,109.8203,122.11988,229639.0
2007,4,"2005,2006,2008,2009",3 hybrid,18351.8,229639.0,3680.73882,3705.22283,3680.58935,3680.58933,0.92773,0.92713,0.9288,0.94978,109.74685,122.11988,229639.0
2007,4,"2005,2006,2008,2009",4 hybrid + xPTS(ft),18351.8,229639.0,3680.62408,3705.22283,3680.50973,3680.50934,0.93631,0.93371,0.94095,0.94978,109.74881,122.11988,229639.0
2008,2,"2007,2009","1 RAPM, no prior",18351.8,230211.0,3496.7845,3517.76579,3495.98964,3491.8053,1.23618,2.0853,0.90821,0.94235,118.58235,133.33957,230211.0
2008,2,"2007,2009","2 PI-RAPM, team-priced",18351.8,230211.0,3484.0995,3517.76579,3483.99097,3483.23737,0.94635,1.05945,0.79553,0.94235,114.80499,133.33957,230211.0
2008,2,"2007,2009",3 hybrid,18351.8,230211.0,3485.78991,3517.76579,3485.57979,3485.13607,1.0879,1.17999,0.93224,0.94235,115.05802,133.33957,230211.0
2008,2,"2007,2009",4 hybrid + xPTS(ft),18351.8,230211.0,3485.40143,3517.76579,3485.10585,3484.77586,1.10513,1.18401,0.96714,0.94235,114.64987,133.33957,230211.0
2008,4,"2006,2007,2009,2010","1 RAPM, no prior",18351.8,230211.0,3493.88932,3517.76579,3492.98747,3490.46475,1.23576,1.74608,0.95781,0.96674,118.16856,133.33957,230211.0
2008,4,"2006,2007,2009,2010","2 PI-RAPM, team-priced",18351.8,230211.0,3484.45793,3517.76579,3484.43554,3483.89129,0.97473,1.0716,0.84188,0.96674,115.91552,133.33957,230211.0
2008,4,"2006,2007,2009,2010",3 hybrid,18351.8,230211.0,3485.45804,3517.76579,3485.17925,3484.88174,1.10192,1.17814,0.97845,0.96674,115.72957,133.33957,230211.0
2008,4,"2006,2007,2009,2010",4 hybrid + xPTS(ft),18351.8,230211.0,3485.30466,3517.76579,3484.95542,3484.72311,1.11504,1.18217,1.00321,0.96674,115.53911,133.33957,230211.0
2009,2,"2008,2010","1 RAPM, no prior",18351.8,228768.0,3459.8593,3477.34779,3459.49469,3459.17203,1.16674,1.37165,1.04548,0.9573,114.04128,124.45562,228768.0
2009,2,"2008,2010","2 PI-RAPM, team-priced",18351.8,228768.0,3450.69788,3477.34779,3450.05174,3450.04346,0.86666,0.85618,0.88592,0.9573,113.31961,124.45562,228768.0
2009,2,"2008,2010",3 hybrid,18351.8,228768.0,3451.90422,3477.34779,3451.87239,3451.76273,0.96586,0.92595,1.05935,0.9573,112.84127,124.45562,228768.0
2009,2,"2008,2010",4 hybrid + xPTS(ft),18351.8,228768.0,3451.99976,3477.34779,3451.97903,3451.83412,0.97221,0.92734,1.08347,0.9573,112.9802,124.45562,228768.0
2009,4,"2007,2008,2010,2011","1 RAPM, no prior",18351.8,228768.0,3459.49751,3477.34779,3459.4738,3459.09813,1.0378,1.22438,0.92095,0.97303,115.05325,124.45562,228768.0
2009,4,"2007,2008,2010,2011","2 PI-RAPM, team-priced",18351.8,228768.0,3452.5542,3477.34779,3451.94296,3451.87164,0.86572,0.90252,0.81562,0.97303,114.29315,124.45562,228768.0
2009,4,"2007,2008,2010,2011",3 hybrid,18351.8,228768.0,3453.06897,3477.34779,3453.02373,3453.01669,0.95866,0.97086,0.93896,0.97303,114.06583,124.45562,228768.0
2009,4,"2007,2008,2010,2011",4 hybrid + xPTS(ft),18351.8,228768.0,3452.86917,3477.34779,3452.84391,3452.84328,0.96889,0.97247,0.96283,0.97303,113.99378,124.45562,228768.0
2010,2,"2009,2011","1 RAPM, no prior",18351.8,230585.0,3447.90469,3465.65134,3447.74654,3446.32151,1.10373,1.59048,0.90171,0.95475,114.18469,126.05619,230585.0
2010,2,"2009,2011","2 PI-RAPM, team-priced",18351.8,230585.0,3441.66315,3465.65134,3439.81815,3439.7444,0.78911,0.82557,0.74259,0.95475,114.32768,126.05619,230585.0
2010,2,"2009,2011",3 hybrid,18351.8,230585.0,3441.65868,3465.65134,3441.45487,3441.45273,0.91594,0.92233,0.9047,0.95475,113.78586,126.05619,230585.0
2010,2,"2009,2011",4 hybrid + xPTS(ft),18351.8,230585.0,3442.14415,3465.65134,3441.92205,3441.91644,0.91179,0.9222,0.89356,0.95475,114.14673,126.05619,230585.0
2010,4,"2008,2009,2011,2012","1 RAPM, no prior",18351.8,230585.0,3447.12297,3465.65134,3447.12193,3445.93059,1.00757,1.34441,0.81468,0.97511,114.771,126.05619,230585.0
2010,4,"2008,2009,2011,2012","2 PI-RAPM, team-priced",18351.8,230585.0,3442.80125,3465.65134,3440.63524,3440.44757,0.77265,0.83223,0.7004,0.97511,115.62368,126.05619,230585.0
2010,4,"2008,2009,2011,2012",3 hybrid,18351.8,230585.0,3442.57204,3465.65134,3442.15314,3442.033,0.88221,0.93225,0.80617,0.97511,114.95483,126.05619,230585.0
2010,4,"2008,2009,2011,2012",4 hybrid + xPTS(ft),18351.8,230585.0,3442.90206,3465.65134,3442.47535,3442.35596,0.88052,0.93056,0.80414,0.97511,115.24028,126.05619,230585.0
2011,2,"2010,2012","1 RAPM, no prior",18351.8,229180.0,3513.65575,3534.26502,3512.64825,3511.90394,1.27533,1.62706,1.11815,0.96018,107.7641,120.14118,229180.0
2011,2,"2010,2012","2 PI-RAPM, team-priced",18351.8,229180.0,3507.93072,3534.26502,3506.89254,3506.82667,0.837,0.80805,0.8879,0.96018,108.67625,120.14118,229180.0
2011,2,"2010,2012",3 hybrid,18351.8,229180.0,3508.20225,3534.26502,3508.13394,3507.81063,0.95136,0.88258,1.09911,0.96018,107.92601,120.14118,229180.0
2011,2,"2010,2012",4 hybrid + xPTS(ft),18351.8,229180.0,3508.0588,3534.26502,3508.02375,3507.62601,0.96474,0.88991,1.13474,0.96018,107.76933,120.14118,229180.0
2011,4,"2009,2010,2012,2013","1 RAPM, no prior",18351.8,229180.0,3511.41512,3534.26502,3511.06447,3510.57465,1.14017,1.34627,1.01322,0.96903,105.61656,120.14118,229180.0
2011,4,"2009,2010,2012,2013","2 PI-RAPM, team-priced",18351.8,229180.0,3508.52303,3534.26502,3507.37604,3507.34347,0.82882,0.80773,0.86306,0.96903,107.59049,120.14118,229180.0
2011,4,"2009,2010,2012,2013",3 hybrid,18351.8,229180.0,3508.61145,3534.26502,3508.37741,3508.25824,0.91317,0.86972,0.99184,0.96903,106.75471,120.14118,229180.0
2011,4,"2009,2010,2012,2013",4 hybrid + xPTS(ft),18351.8,229180.0,3508.36997,3534.26502,3508.22533,3508.05699,0.93064,0.87965,1.02801,0.96903,106.46757,120.14118,229180.0
2012,2,"2011,2013","1 RAPM, no prior",18351.8,183098.0,3502.41206,3522.65068,3502.09991,3501.32435,1.14057,1.46367,0.993,0.92469,115.71242,128.16395,183098.0
2012,2,"2011,2013","2 PI-RAPM, team-priced",18351.8,183098.0,3486.63311,3522.65068,3486.44222,3486.30052,0.93231,0.97669,0.86926,0.92469,113.53507,128.16395,183098.0
2012,2,"2011,2013",3 hybrid,18351.8,183098.0,3489.94293,3522.65068,3489.90848,3489.90837,1.03352,1.03483,1.03099,0.92469,113.75569,128.16395,183098.0
2012,2,"2011,2013",4 hybrid + xPTS(ft),18351.8,183098.0,3489.87156,3522.65068,3489.82594,3489.82592,1.03873,1.03813,1.03989,0.92469,113.68386,128.16395,183098.0
2012,4,"2010,2011,2013,2014","1 RAPM, no prior",18351.8,183098.0,3500.03526,3522.65068,3499.69262,3498.61326,1.13917,1.45566,0.95994,0.93933,116.45124,128.16395,183098.0
2012,4,"2010,2011,2013,2014","2 PI-RAPM, team-priced",18351.8,183098.0,3487.98518,3522.65068,3487.89724,3487.5786,0.95211,1.02198,0.85391,0.93933,114.97762,128.16395,183098.0
2012,4,"2010,2011,2013,2014",3 hybrid,18351.8,183098.0,3489.84657,3522.65068,3489.77162,3489.70497,1.05014,1.08363,0.99259,0.93933,114.96511,128.16395,183098.0
2012,4,"2010,2011,2013,2014",4 hybrid + xPTS(ft),18351.8,183098.0,3489.93415,3522.65068,3489.82785,3489.77461,1.06034,1.09012,1.00768,0.93933,114.85258,128.16395,183098.0
2013,2,"2012,2014","1 RAPM, no prior",18351.8,227625.0,3572.29913,3589.73709,3571.35017,3569.65611,1.29396,1.82668,1.02977,0.95736,112.1595,123.24533,227625.0
2013,2,"2012,2014","2 PI-RAPM, team-priced",18351.8,227625.0,3566.90843,3589.73709,3565.56207,3565.55159,0.80907,0.8211,0.7891,0.95736,112.69261,123.24533,227625.0
2013,2,"2012,2014",3 hybrid,18351.8,227625.0,3566.36038,3589.73709,3566.29206,3566.23599,0.94878,0.92211,1.01556,0.95736,111.1681,123.24533,227625.0
2013,2,"2012,2014",4 hybrid + xPTS(ft),18351.8,227625.0,3566.15504,3589.73709,3566.10872,3566.03765,0.9576,0.9276,1.03372,0.95736,110.92632,123.24533,227625.0
2013,4,"2011,2012,2014,2015","1 RAPM, no prior",18351.8,227625.0,3569.7333,3589.73709,3569.45803,3567.63623,1.13187,1.5408,0.87198,0.96588,111.68096,123.24533,227625.0
2013,4,"2011,2012,2014,2015","2 PI-RAPM, team-priced",18351.8,227625.0,3565.99177,3589.73709,3564.80538,3564.76334,0.82092,0.84617,0.78169,0.96588,111.71763,123.24533,227625.0
2013,4,"2011,2012,2014,2015",3 hybrid,18351.8,227625.0,3566.21318,3589.73709,3566.0305,3565.99094,0.9193,0.94489,0.87164,0.96588,111.33589,123.24533,227625.0
2013,4,"2011,2012,2014,2015",4 hybrid + xPTS(ft),18351.8,227625.0,3566.05405,3589.73709,3565.89667,3565.8664,0.92486,0.94731,0.88293,0.96588,111.12882,123.24533,227625.0
2014,2,"2013,2015","1 RAPM, no prior",18351.8,233870.0,3585.16619,3602.1345,3585.05002,3584.00737,1.08987,1.41985,0.88034,0.93361,105.3191,114.82026,233870.0
2014,2,"2013,2015","2 PI-RAPM, team-priced",18351.8,233870.0,3582.83946,3602.1345,3579.6921,3579.58671,0.72754,0.7642,0.67089,0.93361,107.58339,114.82026,233870.0
2014,2,"2013,2015",3 hybrid,18351.8,233870.0,3581.15376,3602.1345,3580.3925,3580.3396,0.84238,0.81826,0.90388,0.93361,105.71166,114.82026,233870.0
2014,2,"2013,2015",4 hybrid + xPTS(ft),18351.8,233870.0,3580.9998,3602.1345,3580.26744,3580.21743,0.8453,0.82174,0.90449,0.93361,105.45638,114.82026,233870.0
2014,4,"2012,2013,2015,2016","1 RAPM, no prior",18351.8,233870.0,3581.85442,3602.1345,3581.7373,3580.80762,1.08199,1.34629,0.89552,0.94606,105.12001,114.82026,233870.0
2014,4,"2012,2013,2015,2016","2 PI-RAPM, team-priced",18351.8,233870.0,3579.80834,3602.1345,3577.78361,3577.69296,0.77618,0.81171,0.72354,0.94606,106.57822,114.82026,233870.0
2014,4,"2012,2013,2015,2016",3 hybrid,18351.8,233870.0,3578.56311,3602.1345,3578.13454,3578.12155,0.88212,0.86897,0.90914,0.94606,105.31637,114.82026,233870.0
2014,4,"2012,2013,2015,2016",4 hybrid + xPTS(ft),18351.8,233870.0,3578.55231,3602.1345,3578.11826,3578.10992,0.8815,0.87089,0.9029,0.94606,105.2428,114.82026,233870.0
2015,2,"2014,2016","1 RAPM, no prior",18351.8,232926.0,3724.45742,3742.73036,3724.10366,3720.40614,1.15984,1.81087,0.75956,0.93902,116.31649,126.05104,232926.0
2015,2,"2014,2016","2 PI-RAPM, team-priced",18351.8,232926.0,3712.12933,3742.73036,3711.3306,3710.53987,0.86245,0.96108,0.69627,0.93902,113.90223,126.05104,232926.0
2015,2,"2014,2016",3 hybrid,18351.8,232926.0,3713.80792,3742.73036,3713.79764,3713.40275,0.9815,1.0484,0.80922,0.93902,112.95143,126.05104,232926.0
2015,2,"2014,2016",4 hybrid + xPTS(ft),18351.8,232926.0,3713.58096,3742.73036,3713.57708,3713.24221,0.9886,1.04985,0.8287,0.93902,112.73483,126.05104,232926.0
2015,4,"2013,2014,2016,2017","1 RAPM, no prior",18351.8,232926.0,3719.12042,3742.73036,3718.58639,3715.87506,1.1747,1.5952,0.8328,0.95325,113.85385,126.05104,232926.0
2015,4,"2013,2014,2016,2017","2 PI-RAPM, team-priced",18351.8,232926.0,3710.26203,3742.73036,3709.83316,3709.22739,0.89752,0.98371,0.75391,0.95325,112.37392,126.05104,232926.0
2015,4,"2013,2014,2016,2017",3 hybrid,18351.8,232926.0,3711.50717,3742.73036,3711.50695,3711.24171,1.00265,1.05831,0.87465,0.95325,111.64274,126.05104,232926.0
2015,4,"2013,2014,2016,2017",4 hybrid + xPTS(ft),18351.8,232926.0,3711.27408,3742.73036,3711.2697,3711.05284,1.01193,1.06201,0.89489,0.95325,111.50186,126.05104,232926.0
2016,2,"2015,2017","1 RAPM, no prior",18351.8,237804.0,3730.48059,3749.02338,3730.17336,3728.07175,1.14635,1.58937,0.83183,0.96218,111.13477,121.01067,237804.0
2016,2,"2015,2017","2 PI-RAPM, team-priced",18351.8,237804.0,3727.30111,3749.02338,3725.05024,3725.00394,0.76545,0.78906,0.72636,0.96218,114.47955,121.01067,237804.0
2016,2,"2015,2017",3 hybrid,18351.8,237804.0,3727.4149,3749.02338,3726.81643,3726.80386,0.85899,0.84781,0.88983,0.96218,112.61099,121.01067,237804.0
2016,2,"2015,2017",4 hybrid + xPTS(ft),18351.8,237804.0,3727.15977,3749.02338,3726.6092,3726.58535,0.86451,0.84917,0.90711,0.96218,112.52057,121.01067,237804.0
2016,4,"2014,2015,2017,2018","1 RAPM, no prior",18351.8,237804.0,3727.14563,3749.02338,3726.94834,3725.57163,1.10441,1.40442,0.87158,0.97059,109.49612,121.01067,237804.0
2016,4,"2014,2015,2017,2018","2 PI-RAPM, team-priced",18351.8,237804.0,3724.39297,3749.02338,3723.24506,3723.20255,0.82575,0.85175,0.78982,0.97059,111.54946,121.01067,237804.0
2016,4,"2014,2015,2017,2018",3 hybrid,18351.8,237804.0,3725.43064,3749.02338,3725.13211,3725.13188,0.89946,0.90128,0.89595,0.97059,110.7872,121.01067,237804.0
2016,4,"2014,2015,2017,2018",4 hybrid + xPTS(ft),18351.8,237804.0,3725.34251,3749.02338,3725.05688,3725.05684,0.90158,0.90237,0.90006,0.97059,110.69366,121.01067,237804.0
2017,2,"2016,2018","1 RAPM, no prior",18351.8,238801.0,3798.11071,3815.78498,3797.70709,3795.35192,1.17567,1.67348,0.82615,0.95062,114.21699,124.35317,238801.0
2017,2,"2016,2018","2 PI-RAPM, team-priced",18351.8,238801.0,3788.93498,3815.78498,3787.96977,3787.59312,0.84297,0.91058,0.72065,0.95062,113.64454,124.35317,238801.0
2017,2,"2016,2018",3 hybrid,18351.8,238801.0,3790.30164,3815.78498,3790.13352,3790.02802,0.92511,0.9575,0.83167,0.95062,113.47063,124.35317,238801.0
2017,2,"2016,2018",4 hybrid + xPTS(ft),18351.8,238801.0,3789.89438,3815.78498,3789.77205,3789.71196,0.93583,0.96001,0.86426,0.95062,113.30039,124.35317,238801.0
2017,4,"2015,2016,2018,2019","1 RAPM, no prior",18351.8,238801.0,3793.72036,3815.78498,3793.2027,3791.40234,1.17842,1.51044,0.87861,0.96296,112.62005,124.35317,238801.0
2017,4,"2015,2016,2018,2019","2 PI-RAPM, team-priced",18351.8,238801.0,3785.61794,3815.78498,3785.46436,3784.93164,0.93356,1.01808,0.78874,0.96296,111.41909,124.35317,238801.0
2017,4,"2015,2016,2018,2019",3 hybrid,18351.8,238801.0,3786.8217,3815.78498,3786.81315,3786.59944,1.01748,1.0683,0.8978,0.96296,111.48846,124.35317,238801.0
2017,4,"2015,2016,2018,2019",4 hybrid + xPTS(ft),18351.8,238801.0,3786.56622,3815.78498,3786.54496,3786.36949,1.02772,1.07354,0.91763,0.96296,111.37353,124.35317,238801.0
2018,2,"2017,2019","1 RAPM, no prior",18351.8,241064.0,3795.89325,3813.41861,3794.99035,3793.74412,1.28427,1.66866,1.01309,0.89444,111.36669,122.60772,241064.0
2018,2,"2017,2019","2 PI-RAPM, team-priced",18351.8,241064.0,3788.49932,3813.41861,3786.99454,3786.93777,0.80734,0.78491,0.8593,0.89444,112.15333,122.60772,241064.0
2018,2,"2017,2019",3 hybrid,18351.8,241064.0,3789.41768,3813.41861,3789.05343,3788.7827,0.89105,0.84868,1.05726,0.89444,111.16421,122.60772,241064.0
2018,2,"2017,2019",4 hybrid + xPTS(ft),18351.8,241064.0,3789.45922,3813.41861,3789.09331,3788.78331,0.89075,0.84573,1.07077,0.89444,111.21266,122.60772,241064.0
2018,4,"2016,2017,2019,2020","1 RAPM, no prior",18351.8,241064.0,3794.14484,3813.41861,3793.74161,3792.86097,1.16707,1.41789,0.94788,0.91667,111.11023,122.60772,241064.0
2018,4,"2016,2017,2019,2020","2 PI-RAPM, team-priced",18351.8,241064.0,3786.73201,3813.41861,3785.8947,3785.88694,0.85149,0.84246,0.86992,0.91667,111.15364,122.60772,241064.0
2018,4,"2016,2017,2019,2020",3 hybrid,18351.8,241064.0,3788.35213,3813.41861,3788.15471,3788.09834,0.91878,0.8965,0.98557,0.91667,111.07266,122.60772,241064.0
2018,4,"2016,2017,2019,2020",4 hybrid + xPTS(ft),18351.8,241064.0,3788.29115,3813.41861,3788.11513,3788.04493,0.92302,0.89824,0.99868,0.91667,111.08958,122.60772,241064.0
2019,2,"2018,2020","1 RAPM, no prior",18351.8,247510.0,3804.90981,3821.97776,3804.51022,3802.94743,1.1782,1.70705,0.94703,0.92264,111.96512,123.0067,247510.0
2019,2,"2018,2020","2 PI-RAPM, team-priced",18351.8,247510.0,3798.98637,3821.97776,3797.22422,3797.22398,0.78938,0.7911,0.78653,0.92264,113.6609,123.0067,247510.0
2019,2,"2018,2020",3 hybrid,18351.8,247510.0,3798.64928,3821.97776,3798.23026,3798.13011,0.88274,0.84926,0.96491,0.92264,112.85238,123.0067,247510.0
2019,2,"2018,2020",4 hybrid + xPTS(ft),18351.8,247510.0,3798.70237,3821.97776,3798.33763,3798.21551,0.88951,0.85325,0.98277,0.92264,112.91308,123.0067,247510.0
2019,4,"2017,2018,2020,2021","1 RAPM, no prior",18351.8,247510.0,3801.88005,3821.97776,3801.68153,3800.86622,1.10975,1.36112,0.92343,0.93585,112.09672,123.0067,247510.0
2019,4,"2017,2018,2020,2021","2 PI-RAPM, team-priced",18351.8,247510.0,3799.87456,3821.97776,3797.32733,3797.30438,0.75674,0.74127,0.78533,0.93585,115.5076,123.0067,247510.0
2019,4,"2017,2018,2020,2021",3 hybrid,18351.8,247510.0,3799.9091,3821.97776,3798.5563,3798.31623,0.80624,0.76165,0.92874,0.93585,114.79562,123.0067,247510.0
2019,4,"2017,2018,2020,2021",4 hybrid + xPTS(ft),18351.8,247510.0,3799.87909,3821.97776,3798.61697,3798.35732,0.8114,0.76562,0.9412,0.93585,114.94486,123.0067,247510.0
2020,2,"2019,2021","1 RAPM, no prior",18351.8,213800.0,4020.23851,4035.1937,4019.61387,4018.35071,1.25036,1.78212,1.02114,0.94518,118.0996,126.73945,213800.0
2020,2,"2019,2021","2 PI-RAPM, team-priced",18351.8,213800.0,4013.84201,4035.1937,4012.31427,4012.16193,0.79466,0.75084,0.87135,0.94518,115.86523,126.73945,213800.0
2020,2,"2019,2021",3 hybrid,18351.8,213800.0,4016.89969,4035.1937,4015.95691,4015.39583,0.81875,0.75021,1.05075,0.94518,118.08428,126.73945,213800.0
2020,2,"2019,2021",4 hybrid + xPTS(ft),18351.8,213800.0,4016.72912,4035.1937,4015.87748,4015.22604,0.82646,0.75429,1.08234,0.94518,117.96482,126.73945,213800.0
2020,4,"2018,2019,2021,2022","1 RAPM, no prior",18351.8,213800.0,4018.34382,4035.1937,4018.13118,4017.148,1.12566,1.47542,0.94165,0.9603,117.90575,126.73945,213800.0
2020,4,"2018,2019,2021,2022","2 PI-RAPM, team-priced",18351.8,213800.0,4013.76867,4035.1937,4012.17633,4012.13905,0.79175,0.76935,0.82696,0.9603,116.77336,126.73945,213800.0
2020,4,"2018,2019,2021,2022",3 hybrid,18351.8,213800.0,4015.72543,4035.1937,4014.81404,4014.57798,0.82544,0.77637,0.95037,0.9603,118.38831,126.73945,213800.0
2020,4,"2018,2019,2021,2022",4 hybrid + xPTS(ft),18351.8,213800.0,4015.75277,4035.1937,4014.88378,4014.66138,0.8286,0.78114,0.951,0.9603,118.40415,126.73945,213800.0
2021,2,"2020,2022","1 RAPM, no prior",18351.8,215281.0,3848.29701,3863.41079,3847.78007,3842.90736,1.22228,2.17533,0.76621,0.95185,120.35345,130.97081,215281.0
2021,2,"2020,2022","2 PI-RAPM, team-priced",18351.8,215281.0,3835.96103,3863.41079,3835.21354,3834.33686,0.85998,0.95342,0.65694,0.95185,115.5132,130.97081,215281.0
2021,2,"2020,2022",3 hybrid,18351.8,215281.0,3836.55681,3863.41079,3836.3924,3836.05136,0.92764,0.97709,0.75201,0.95185,115.46035,130.97081,215281.0
2021,2,"2020,2022",4 hybrid + xPTS(ft),18351.8,215281.0,3836.65404,3863.41079,3836.49659,3836.10615,0.92895,0.98218,0.74141,0.95185,115.68896,130.97081,215281.0
2021,4,"2019,2020,2022,2023","1 RAPM, no prior",18351.8,215281.0,3844.14565,3863.41079,3843.63461,3837.64419,1.19154,2.00474,0.71525,0.96481,118.96956,130.97081,215281.0
2021,4,"2019,2020,2022,2023","2 PI-RAPM, team-priced",18351.8,215281.0,3834.74474,3863.41079,3834.34592,3833.0674,0.89514,1.0138,0.65879,0.96481,114.87826,130.97081,215281.0
2021,4,"2019,2020,2022,2023",3 hybrid,18351.8,215281.0,3835.52588,3863.41079,3835.44355,3834.56332,0.94853,1.04001,0.70625,0.96481,115.03071,130.97081,215281.0
2021,4,"2019,2020,2022,2023",4 hybrid + xPTS(ft),18351.8,215281.0,3835.77278,3863.41079,3835.69973,3834.78536,0.95117,1.04413,0.70057,0.96481,115.25632,130.97081,215281.0
2022,2,"2021,2023","1 RAPM, no prior",18351.8,242701.0,3952.2569,3966.43802,3951.70082,3950.39186,1.24108,1.71233,0.95282,0.88926,130.71953,138.71505,242701.0
2022,2,"2021,2023","2 PI-RAPM, team-priced",18351.8,242701.0,3945.84157,3966.43802,3944.21234,3944.09183,0.78694,0.75364,0.86769,0.88926,130.96699,138.71505,242701.0
2022,2,"2021,2023",3 hybrid,18351.8,242701.0,3947.35903,3966.43802,3946.46777,3946.08906,0.82559,0.77669,1.04187,0.88926,131.64542,138.71505,242701.0
2022,2,"2021,2023",4 hybrid + xPTS(ft),18351.8,242701.0,3947.2762,3966.43802,3946.45779,3946.02921,0.83168,0.78072,1.06794,0.88926,131.62399,138.71505,242701.0
2022,4,"2020,2021,2023,2024","1 RAPM, no prior",18351.8,242701.0,3950.52307,3966.43802,3950.28515,3949.58826,1.13813,1.4063,0.94084,0.9157,130.41173,138.71505,242701.0
2022,4,"2020,2021,2023,2024","2 PI-RAPM, team-priced",18351.8,242701.0,3944.15075,3966.43802,3942.89308,3942.81733,0.81227,0.78396,0.87175,0.9157,129.18928,138.71505,242701.0
2022,4,"2020,2021,2023,2024",3 hybrid,18351.8,242701.0,3945.31922,3966.43802,3944.79045,3944.54743,0.86484,0.82032,1.01571,0.9157,130.04803,138.71505,242701.0
2022,4,"2020,2021,2023,2024",4 hybrid + xPTS(ft),18351.8,242701.0,3945.15404,3966.43802,3944.69358,3944.42181,0.87297,0.82651,1.0349,0.9157,129.93723,138.71505,242701.0
2023,2,"2022,2024","1 RAPM, no prior",18351.8,245589.0,3867.73084,3881.90681,3867.59081,3865.86257,1.10975,1.66816,0.85559,0.95547,114.16729,121.37684,245589.0
2023,2,"2022,2024","2 PI-RAPM, team-priced",18351.8,245589.0,3861.57137,3881.90681,3859.53846,3859.528,0.76836,0.77927,0.74677,0.95547,114.21883,121.37684,245589.0
2023,2,"2022,2024",3 hybrid,18351.8,245589.0,3862.5728,3881.90681,3861.56791,3861.55229,0.81815,0.80609,0.85341,0.95547,113.61151,121.37684,245589.0
2023,2,"2022,2024",4 hybrid + xPTS(ft),18351.8,245589.0,3862.27326,3881.90681,3861.35569,3861.33741,0.82556,0.8125,0.86387,0.95547,113.34889,121.37684,245589.0
2023,4,"2021,2022,2024,2025","1 RAPM, no prior",18351.8,245589.0,3865.20326,3881.90681,3865.16076,3864.23932,1.05305,1.33605,0.84521,0.97588,113.55087,121.37684,245589.0
2023,4,"2021,2022,2024,2025","2 PI-RAPM, team-priced",18351.8,245589.0,3861.06657,3881.90681,3859.13726,3859.12907,0.77454,0.78423,0.75532,0.97588,114.67486,121.37684,245589.0
2023,4,"2021,2022,2024,2025",3 hybrid,18351.8,245589.0,3861.83005,3881.90681,3860.77978,3860.77579,0.81769,0.81132,0.83449,0.97588,113.82055,121.37684,245589.0
2023,4,"2021,2022,2024,2025",4 hybrid + xPTS(ft),18351.8,245589.0,3861.53667,3881.90681,3860.557,3860.55396,0.82358,0.81797,0.83821,0.97588,113.64773,121.37684,245589.0
2024,2,"2023,2025","1 RAPM, no prior",18351.8,243631.0,3863.54742,3883.1,3862.23223,3861.39101,1.3352,1.63935,1.10582,0.91958,127.00344,139.29091,243631.0
2024,2,"2023,2025","2 PI-RAPM, team-priced",18351.8,243631.0,3851.68337,3883.1,3851.04761,3851.0025,0.87655,0.85648,0.92188,0.91958,122.19312,139.29091,243631.0
2024,2,"2023,2025",3 hybrid,18351.8,243631.0,3855.20722,3883.1,3854.99893,3854.74535,0.92073,0.88178,1.08149,0.91958,123.80808,139.29091,243631.0
2024,2,"2023,2025",4 hybrid + xPTS(ft),18351.8,243631.0,3855.09557,3883.1,3854.92913,3854.61462,0.92862,0.88594,1.11198,0.91958,123.78045,139.29091,243631.0
2024,4,"2022,2023,2025,2026","1 RAPM, no prior",18351.8,243631.0,3860.94787,3883.1,3859.97354,3859.16047,1.25827,1.51931,1.06359,0.94231,125.64361,139.29091,243631.0
2024,4,"2022,2023,2025,2026","2 PI-RAPM, team-priced",18351.8,243631.0,3851.02942,3883.1,3850.65878,3850.65482,0.90343,0.89703,0.91609,0.94231,121.55523,139.29091,243631.0
2024,4,"2022,2023,2025,2026",3 hybrid,18351.8,243631.0,3853.53493,3883.1,3853.45585,3853.32525,0.95089,0.91835,1.04761,0.94231,122.67014,139.29091,243631.0
2024,4,"2022,2023,2025,2026",4 hybrid + xPTS(ft),18351.8,243631.0,3853.4621,3883.1,3853.41224,3853.24479,0.96063,0.9242,1.07274,0.94231,122.67996,139.29091,243631.0
2025,2,"2024,2026","1 RAPM, no prior",18351.8,244700.0,4004.22681,4023.03227,4003.98818,4001.21578,1.12605,1.80006,0.83853,0.94376,126.42621,137.17239,244700.0
2025,2,"2024,2026","2 PI-RAPM, team-priced",18351.8,244700.0,3993.50335,4023.03227,3991.99541,3991.78579,0.81939,0.86914,0.73546,0.94376,121.5502,137.17239,244700.0
2025,2,"2024,2026",3 hybrid,18351.8,244700.0,3993.59651,4023.03227,3993.34386,3993.29775,0.91554,0.93826,0.86313,0.94376,121.13371,137.17239,244700.0
2025,2,"2024,2026",4 hybrid + xPTS(ft),18351.8,244700.0,3993.50469,4023.03227,3993.29282,3993.24888,0.92217,0.94424,0.87036,0.94376,120.94876,137.17239,244700.0
2025,4,"2022,2023,2024,2026","1 RAPM, no prior",18351.8,244700.0,4001.80593,4023.03227,4001.68487,3998.81032,1.08144,1.61808,0.79076,0.95782,125.58228,137.17239,244700.0
2025,4,"2022,2023,2024,2026","2 PI-RAPM, team-priced",18351.8,244700.0,3994.74755,4023.03227,3993.2125,3992.9139,0.81507,0.87636,0.71985,0.95782,123.0303,137.17239,244700.0
2025,4,"2022,2023,2024,2026",3 hybrid,18351.8,244700.0,3994.98666,4023.03227,3994.47462,3994.36228,0.88191,0.91742,0.80747,0.95782,122.89104,137.17239,244700.0
2025,4,"2022,2023,2024,2026",4 hybrid + xPTS(ft),18351.8,244700.0,3994.87843,4023.03227,3994.42831,3994.32499,0.88854,0.92235,0.8161,0.95782,122.64633,137.17239,244700.0
