player_name,team,adj_offense,adj_defense,adj_overall,var,Offense Score,Defense Score,Overall Score,Offense Score,Defense Score,Overall Score,Disagreement Among Metrics,,,OL,OS,DL,DS,VL,VS,
Nikola Jokic,Denver Nuggets,8.5,1.6,10.1,0.12,121,71,124,118,75,121,6%,,1,8.470975883,-5.222913404,4.630273077,-2.730846585,10.06495921,-6.975858435,
Shai Gilgeous-Alexander,Oklahoma City Thunder,6.7,2.1,8.7,0.14,104,81,113,103,83,111,7%,,2,7.273121287,-4.367742851,3.520647896,-2.698751891,8.747976052,-5.342895695,How do the scores work?
Victor Wembanyama,San Antonio Spurs,4.0,4.6,8.6,0.29,78,128,112,82,124,111,15%,,3,7.097822389,-4.233017743,3.469102133,-2.68114276,8.626640648,-5.223962748,0-100*
Giannis Antetokounmpo,Milwaukee Bucks,7.1,1.1,8.2,0.06,108,62,109,107,67,108,3%,,4,6.654425416,-4.230752646,3.409834848,-2.416842268,8.197053061,-4.959131315,
Luka Doncic,Los Angeles Lakers,7.3,0.7,8.0,0.48,110,55,107,108,61,106,24%,,5,6.222197953,-4.116085763,2.97105785,-2.274719021,7.967618167,-4.910490733,
Kawhi Leonard,Los Angeles Clippers,6.2,0.8,7.0,0.11,100,56,99,100,63,99,6%,,6,6.215413341,-4.109887547,2.790164174,-2.198132899,7.006797979,-4.881524219,*Unless you're amazing (>100) or terrible (<0)
Donovan Mitchell,Cleveland Cavaliers,4.9,0.4,5.3,0.14,88,49,85,90,56,87,7%,,7,5.857258575,-4.040992765,2.765962877,-1.953813885,5.310225558,-4.862197838,
Chet Holmgren,Oklahoma City Thunder,1.8,3.5,5.2,0.20,57,106,85,64,105,87,10%,,8,5.167495803,-4.024263326,2.75615981,-1.892560216,5.224176942,-4.836619744,
Stephen Curry,Golden State Warriors,6.2,-1.2,5.0,0.24,100,20,83,100,24,85,12%,,9,4.94358182,-3.792261716,2.561409895,-1.889717306,5.039601237,-4.711717617,
Devin Booker,Phoenix Suns,5.2,-0.1,5.0,0.25,90,39,83,91,47,85,13%,,10,4.518457567,-3.679777416,2.560144682,-1.867342252,5.038285861,-4.660805753,
Jayson Tatum,Boston Celtics,3.7,1.4,5.0,0.18,75,67,83,80,72,85,9%,,,6.242075003,-4.181769518,3.143475724,-2.260386908,7.122333472,-5.13652041,
LaMelo Ball,Charlotte Hornets,5.9,-0.9,5.0,0.19,96,26,83,97,31,85,10%,,,,,,,,,
Derrick White,Boston Celtics,2.3,2.3,4.6,0.13,62,85,79,68,87,82,7%,,,,,,,,,
Neemias Queta,Boston Celtics,2.0,2.6,4.6,0.57,59,89,79,66,91,82,29%,,,,,,,,,
Lauri Markkanen,Utah Jazz,3.7,0.8,4.5,0.42,75,57,78,79,63,81,21%,,,,,,,,,
Jimmy Butler III,Golden State Warriors,3.5,0.9,4.4,0.10,74,59,78,78,65,81,5%,,,,,,,,,
Amen Thompson,Houston Rockets,2.1,2.1,4.2,0.07,61,81,76,67,83,80,4%,,,,,,,,,
Dyson Daniels,Atlanta Hawks,1.6,2.6,4.1,0.17,55,89,76,63,91,79,8%,,,,,,,,,
Joel Embiid,Philadelphia 76ers,3.3,0.8,4.1,0.36,72,57,75,76,63,79,18%,,,,,,,,,
Franz Wagner,Orlando Magic,2.4,1.7,4.1,0.13,63,73,75,69,77,79,6%,,,,,,,,,
Cade Cunningham,Detroit Pistons,3.3,0.7,4.0,0.38,72,55,75,77,62,78,19%,,,,,,,,,
Tyrese Maxey,Philadelphia 76ers,3.8,0.1,4.0,0.69,77,44,74,81,52,78,34%,,,,,,,,,
Ausar Thompson,Detroit Pistons,0.5,3.4,3.9,0.53,45,105,74,54,104,78,27%,,,,,,,,,
Jalen Duren,Detroit Pistons,3.5,0.4,3.9,0.43,74,49,73,78,56,77,21%,,,,,,,,,
Kon Knueppel,Charlotte Hornets,2.8,1.0,3.9,0.66,67,61,73,73,67,77,33%,,,,,,,,,
Jarrett Allen,Cleveland Cavaliers,2.4,1.5,3.9,0.43,63,69,73,69,73,77,22%,,,,,,,,,
Isaiah Hartenstein,Oklahoma City Thunder,1.2,2.4,3.7,0.35,52,87,72,60,89,76,18%,,,,,,,,,
Evan Mobley,Cleveland Cavaliers,1.9,1.7,3.6,0.19,58,73,71,65,77,75,9%,,,,,,,,,
De'Aaron Fox,San Antonio Spurs,2.9,0.7,3.6,0.09,68,55,71,73,61,75,4%,,,,,,,,,
Bam Adebayo,Miami Heat,1.5,2.0,3.5,0.58,54,79,71,62,82,75,29%,,,,,,,,,
Scottie Barnes,Toronto Raptors,1.4,2.1,3.5,0.16,54,80,70,61,83,74,8%,,,,,,,,,
Austin Reaves,Los Angeles Lakers,3.0,0.4,3.4,0.27,68,50,70,74,57,74,14%,,,,,,,,,
Karl-Anthony Towns,New York Knicks,3.3,0.1,3.4,0.58,72,43,70,76,51,74,29%,,,,,,,,,
Donovan Clingan,Portland Trail Blazers,1.9,1.4,3.4,0.20,59,68,69,66,73,74,10%,,,,,,,,,
Pascal Siakam,Indiana Pacers,2.5,0.7,3.2,0.08,64,56,68,70,62,73,4%,,,,,,,,,
Jalen Brunson,New York Knicks,4.5,-1.3,3.2,0.05,83,18,68,86,21,73,3%,,,,,,,,,
Desmond Bane,Orlando Magic,3.1,0.1,3.2,0.35,70,44,68,75,52,72,18%,,,,,,,,,
Ty Jerome,Memphis Grizzlies,3.6,-0.5,3.2,0.62,75,33,68,79,40,72,31%,,,,,,,,,
Payton Pritchard,Boston Celtics,3.4,-0.3,3.1,0.35,73,36,67,78,42,72,17%,,,,,,,,,
Ajay Mitchell,Oklahoma City Thunder,0.8,2.3,3.0,0.20,47,84,67,56,86,71,10%,,,,,,,,,
Kevin Durant,Houston Rockets,3.4,-0.5,2.9,0.42,73,32,66,78,38,70,21%,,,,,,,,,
Cason Wallace,Oklahoma City Thunder,0.1,2.8,2.9,0.35,41,93,65,51,94,70,17%,,,,,,,,,
Alex Caruso,Oklahoma City Thunder,-0.7,3.5,2.8,0.52,33,107,65,42,106,70,26%,,,,,,,,,
Aaron Gordon,Denver Nuggets,1.8,1.0,2.8,0.41,57,61,65,64,66,70,20%,,,,,,,,,
Miles McBride,New York Knicks,1.5,1.3,2.7,0.31,54,65,64,62,70,69,16%,,,,,,,,,
Mitchell Robinson,New York Knicks,1.2,1.5,2.7,0.78,51,70,64,59,74,69,39%,,,,,,,,,
Ja Morant,Memphis Grizzlies,2.4,0.2,2.7,0.41,64,46,64,70,54,69,20%,,,,,,,,,
Jrue Holiday,Portland Trail Blazers,1.5,1.2,2.7,0.12,54,64,64,62,69,69,6%,,,,,,,,,
Rudy Gobert,Minnesota Timberwolves,-0.3,3.0,2.7,0.18,37,97,64,46,97,69,9%,,,,,,,,,
Jalen Williams,Oklahoma City Thunder,1.7,1.0,2.7,0.51,56,60,64,63,66,69,26%,,,,,,,,,
Sam Merrill,Cleveland Cavaliers,2.2,0.4,2.6,0.44,61,49,63,68,57,69,22%,,,,,,,,,
Brandon Miller,Charlotte Hornets,1.3,1.3,2.6,1.08,52,66,63,60,71,68,54%,,,,,,,,,
Moussa Diabate,Charlotte Hornets,1.7,0.9,2.6,0.62,57,58,63,64,64,68,31%,,,,,,,,,
Isaiah Joe,Oklahoma City Thunder,1.7,0.8,2.5,0.32,57,56,63,64,62,68,16%,,,,,,,,,
Michael Porter Jr.,Brooklyn Nets,3.7,-1.2,2.5,0.21,76,19,62,80,23,67,11%,,,,,,,,,
Jamal Murray,Denver Nuggets,4.3,-1.9,2.4,0.13,82,7,62,85,9,67,7%,,,,,,,,,
Paul Reed,Detroit Pistons,0.3,2.1,2.4,0.53,43,81,62,52,84,67,26%,,,,,,,,,
Jalen Suggs,Orlando Magic,-0.4,2.8,2.4,0.58,37,93,62,46,94,67,29%,,,,,,,,,
Anthony Edwards,Minnesota Timberwolves,2.7,-0.3,2.4,0.59,66,36,62,72,43,67,29%,,,,,,,,,
Dylan Harper,San Antonio Spurs,0.6,1.8,2.4,0.41,46,74,61,55,78,67,21%,,,,,,,,,
OG Anunoby,New York Knicks,0.9,1.5,2.4,0.25,49,70,61,57,74,67,13%,,,,,,,,,
Stephon Castle,San Antonio Spurs,1.5,0.9,2.4,0.70,54,59,61,62,65,67,35%,,,,,,,,,
Collin Gillespie,Phoenix Suns,1.3,1.1,2.4,0.74,52,62,61,60,67,67,37%,,,,,,,,,
Tobias Harris,Detroit Pistons,1.1,1.2,2.3,0.52,51,64,61,59,69,66,26%,,,,,,,,,
Immanuel Quickley,Toronto Raptors,2.1,0.2,2.3,0.13,60,46,61,67,54,66,7%,,,,,,,,,
Cameron Johnson,Denver Nuggets,2.3,0.0,2.3,0.23,63,41,61,69,49,66,12%,,,,,,,,,
Mikal Bridges,New York Knicks,1.5,0.7,2.3,0.30,55,56,61,62,62,66,15%,,,,,,,,,
Zach Edey,Memphis Grizzlies,0.3,2.0,2.3,0.58,43,78,60,52,81,66,29%,,,,,,,,,
Moses Moody,Golden State Warriors,0.5,1.8,2.3,0.42,45,74,60,54,78,66,21%,,,,,,,,,
Sam Hauser,Boston Celtics,2.0,0.2,2.2,0.39,60,45,60,66,53,66,19%,,,,,,,,,
Deni Avdija,Portland Trail Blazers,2.8,-0.6,2.2,0.79,67,30,60,73,36,65,39%,,,,,,,,,
Darius Garland,Los Angeles Clippers,2.9,-0.8,2.2,0.19,68,28,60,74,33,65,9%,,,,,,,,,
James Harden,Cleveland Cavaliers,3.6,-1.4,2.2,0.25,74,16,60,79,19,65,13%,,,,,,,,,
Sandro Mamukelashvili,Toronto Raptors,1.4,0.7,2.1,0.28,54,54,59,62,61,65,14%,,,,,,,,,
Luke Kornet,San Antonio Spurs,0.7,1.4,2.1,0.41,47,67,59,56,72,65,20%,,,,,,,,,
Anthony Davis,Washington Wizards,1.1,0.9,2.1,0.19,51,59,59,59,65,65,9%,,,,,,,,,
Kristaps Porzingis,Golden State Warriors,1.8,0.3,2.1,0.31,57,47,59,64,55,64,15%,,,,,,,,,
Trae Young,Washington Wizards,4.5,-2.4,2.0,0.05,83,-3,59,86,-3,64,3%,,,,,,,,,
Coby White,Charlotte Hornets,2.7,-0.7,2.0,0.34,66,28,58,72,33,64,17%,,,,,,,,,
Grayson Allen,Phoenix Suns,2.7,-0.7,2.0,0.24,66,28,58,72,34,64,12%,,,,,,,,,
Zion Williamson,New Orleans Pelicans,1.9,0.0,1.9,0.70,58,42,58,65,50,64,35%,,,,,,,,,
Day'Ron Sharpe,Brooklyn Nets,0.2,1.8,1.9,0.36,42,75,58,51,78,64,18%,,,,,,,,,
Jalen Johnson,Atlanta Hawks,1.1,0.8,1.9,0.89,51,56,57,59,62,63,45%,,,,,,,,,
Julian Champagnie,San Antonio Spurs,1.3,0.5,1.8,0.17,53,51,57,60,58,63,8%,,,,,,,,,
Toumani Camara,Portland Trail Blazers,0.4,1.4,1.8,0.15,44,67,56,53,72,62,8%,,,,,,,,,
LeBron James,Los Angeles Lakers,2.1,-0.3,1.8,0.31,60,36,56,67,43,62,15%,,,,,,,,,
Brandin Podziemski,Golden State Warriors,0.1,1.6,1.8,0.40,41,72,56,51,76,62,20%,,,,,,,,,
Duncan Robinson,Detroit Pistons,1.8,0.0,1.7,0.34,57,41,56,64,50,62,17%,,,,,,,,,
Norman Powell,Miami Heat,1.5,0.2,1.7,0.48,54,46,56,62,54,62,24%,,,,,,,,,
Paul George,Philadelphia 76ers,0.7,1.0,1.7,0.22,47,60,56,56,65,62,11%,,,,,,,,,
Nickeil Alexander-Walker,Atlanta Hawks,1.0,0.7,1.6,0.74,50,54,55,58,60,62,37%,,,,,,,,,
Gui Santos,Golden State Warriors,1.0,0.6,1.6,0.26,50,53,55,58,60,61,13%,,,,,,,,,
Christian Braun,Denver Nuggets,0.9,0.7,1.6,0.67,49,55,55,57,61,61,34%,,,,,,,,,
Marcus Smart,Los Angeles Lakers,-0.7,2.3,1.6,0.16,34,84,55,42,86,61,8%,,,,,,,,,
Herbert Jones,New Orleans Pelicans,-0.4,2.0,1.6,0.24,36,79,55,45,82,61,12%,,,,,,,,,
Tari Eason,Houston Rockets,0.1,1.5,1.6,0.44,41,70,55,51,74,61,22%,,,,,,,,,
Collin Murray-Boyles,Toronto Raptors,0.1,1.5,1.6,0.36,41,69,55,50,74,61,18%,,,,,,,,,
Luka Garza,Boston Celtics,2.1,-0.5,1.5,0.60,60,32,55,67,38,61,30%,,,,,,,,,
Trey Murphy III,New Orleans Pelicans,2.1,-0.6,1.5,0.48,60,31,54,67,37,61,24%,,,,,,,,,
Steven Adams,Houston Rockets,0.2,1.3,1.5,0.63,42,67,54,52,71,61,32%,,,,,,,,,
Jaylin Williams,Oklahoma City Thunder,-1.2,2.8,1.5,0.32,28,93,54,35,94,61,16%,,,,,,,,,
CJ McCollum,Atlanta Hawks,1.8,-0.3,1.5,0.59,58,36,54,65,43,61,29%,,,,,,,,,
Jaren Jackson Jr.,Utah Jazz,-0.2,1.7,1.5,0.57,38,73,54,48,77,61,28%,,,,,,,,,
Jalen Smith,Chicago Bulls,1.1,0.3,1.5,0.33,51,48,54,59,55,60,16%,,,,,,,,,
Jaylen Brown,Boston Celtics,2.0,-0.5,1.4,0.52,59,32,54,66,38,60,26%,,,,,,,,,
Kevin Huerter,Detroit Pistons,0.6,0.8,1.4,0.60,46,57,53,55,63,60,30%,,,,,,,,,
Tre Jones,Chicago Bulls,1.3,0.1,1.4,0.35,52,43,53,60,51,60,18%,,,,,,,,,
Goga Bitadze,Orlando Magic,0.2,1.1,1.4,0.34,42,63,53,52,68,60,17%,,,,,,,,,
VJ Edgecombe,Philadelphia 76ers,0.8,0.5,1.3,0.44,48,52,53,56,59,59,22%,,,,,,,,,
Gary Payton II,Golden State Warriors,1.1,0.2,1.3,0.47,50,46,53,59,54,59,24%,,,,,,,,,
Jaylon Tyson,Cleveland Cavaliers,1.0,0.2,1.3,0.61,50,46,52,58,54,59,31%,,,,,,,,,
Jordan Goodwin,Phoenix Suns,-0.2,1.5,1.3,0.40,38,69,52,48,73,59,20%,,,,,,,,,
Onyeka Okongwu,Atlanta Hawks,0.5,0.8,1.3,0.10,45,56,52,54,62,59,5%,,,,,,,,,
Donte DiVincenzo,Minnesota Timberwolves,0.6,0.7,1.2,0.39,46,54,52,54,61,59,19%,,,,,,,,,
Pelle Larsson,Miami Heat,0.5,0.7,1.2,0.16,45,56,52,54,62,59,8%,,,,,,,,,
Jabari Smith Jr.,Houston Rockets,0.4,0.8,1.2,0.47,44,57,52,53,63,59,23%,,,,,,,,,
Dereck Lively II,Dallas Mavericks,-0.1,1.3,1.2,0.14,39,65,52,49,70,58,7%,,,,,,,,,
Domantas Sabonis,Sacramento Kings,1.4,-0.3,1.1,0.71,54,36,51,62,43,58,36%,,,,,,,,,
Jaden McDaniels,Minnesota Timberwolves,0.0,1.1,1.1,0.64,40,62,51,50,67,58,32%,,,,,,,,,
Alperen Sengun,Houston Rockets,1.3,-0.2,1.1,0.54,52,38,51,60,45,58,27%,,,,,,,,,
Dean Wade,Cleveland Cavaliers,-0.3,1.3,1.1,0.31,37,67,51,47,71,58,16%,,,,,,,,,
Obi Toppin,Indiana Pacers,1.9,-0.9,1.1,0.27,59,25,51,66,30,57,14%,,,,,,,,,
Cooper Flagg,Dallas Mavericks,0.5,0.5,1.0,0.94,45,51,50,54,58,57,47%,,,,,,,,,
Oso Ighodaro,Phoenix Suns,-0.6,1.6,1.0,0.46,34,72,50,43,76,57,23%,,,,,,,,,
Ivica Zubac,Indiana Pacers,0.1,0.8,1.0,0.54,41,57,50,51,63,57,27%,,,,,,,,,
Walker Kessler,Utah Jazz,-0.2,1.1,0.9,0.67,38,62,49,48,67,56,34%,,,,,,,,,
Saddiq Bey,New Orleans Pelicans,1.8,-0.9,0.9,0.50,57,25,49,64,30,56,25%,,,,,,,,,
Derrick Jones Jr.,Los Angeles Clippers,-0.3,1.1,0.9,0.38,38,63,49,47,68,56,19%,,,,,,,,,
Andrew Nembhard,Indiana Pacers,1.1,-0.2,0.9,0.37,50,38,49,58,46,56,19%,,,,,,,,,
Jakob Poeltl,Toronto Raptors,0.1,0.8,0.9,0.41,41,57,49,50,63,56,21%,,,,,,,,,
Bones Hyland,Minnesota Timberwolves,0.5,0.4,0.9,0.49,45,49,49,54,56,56,25%,,,,,,,,,
Baylor Scheierman,Boston Celtics,-0.4,1.2,0.8,0.34,36,65,49,45,70,56,17%,,,,,,,,,
Daniss Jenkins,Detroit Pistons,-0.1,1.0,0.8,0.21,39,60,49,48,65,56,11%,,,,,,,,,
Cedric Coward,Memphis Grizzlies,0.3,0.5,0.8,0.98,43,50,49,53,57,56,49%,,,,,,,,,
Robert Williams III,Portland Trail Blazers,-0.6,1.4,0.8,0.50,34,69,48,42,73,56,25%,,,,,,,,,
Clint Capela,Houston Rockets,-0.8,1.6,0.8,0.98,32,71,48,40,75,55,49%,,,,,,,,,
Devin Vassell,San Antonio Spurs,0.8,-0.1,0.7,0.88,48,40,48,57,48,55,44%,,,,,,,,,
Wendell Carter Jr.,Orlando Magic,-1.1,1.8,0.7,0.51,30,75,48,37,79,55,26%,,,,,,,,,
Josh Hart,New York Knicks,0.3,0.4,0.7,0.82,43,49,48,53,56,55,41%,,,,,,,,,
Davion Mitchell,Miami Heat,0.1,0.6,0.7,0.56,41,52,48,51,59,55,28%,,,,,,,,,
Julius Randle,Minnesota Timberwolves,1.4,-0.8,0.7,0.68,54,27,47,61,33,55,34%,,,,,,,,,
Jaylen Clark,Minnesota Timberwolves,-0.5,1.1,0.6,0.81,35,63,47,44,68,55,41%,,,,,,,,,
De'Anthony Melton,Golden State Warriors,-0.1,0.7,0.6,0.50,39,55,47,49,61,54,25%,,,,,,,,,
Keldon Johnson,San Antonio Spurs,0.7,-0.1,0.6,0.65,47,40,47,56,48,54,33%,,,,,,,,,
Daniel Gafford,Dallas Mavericks,0.4,0.2,0.6,0.62,44,46,47,53,53,54,31%,,,,,,,,,
Aaron Nesmith,Indiana Pacers,0.7,-0.2,0.6,0.27,47,39,47,56,46,54,13%,,,,,,,,,
Naz Reid,Minnesota Timberwolves,-0.7,1.3,0.6,0.19,34,65,47,42,70,54,9%,,,,,,,,,
RJ Barrett,Toronto Raptors,1.2,-0.7,0.6,0.66,52,29,46,60,35,54,33%,,,,,,,,,
Javonte Green,Detroit Pistons,-0.9,1.4,0.6,0.16,32,68,46,40,72,54,8%,,,,,,,,,
Paolo Banchero,Orlando Magic,0.8,-0.3,0.5,0.80,47,37,46,56,44,54,40%,,,,,,,,,
Ronald Holland II,Detroit Pistons,-2.0,2.5,0.5,0.21,21,88,46,26,90,54,10%,,,,,,,,,
Keegan Murray,Sacramento Kings,-0.5,1.0,0.5,0.27,36,59,46,44,65,53,13%,,,,,,,,,
AJ Green,Milwaukee Bucks,0.7,-0.3,0.4,0.62,47,37,46,56,44,53,31%,,,,,,,,,
Sion James,Charlotte Hornets,-1.2,1.6,0.4,0.52,29,72,45,36,76,53,26%,,,,,,,,,
Mouhamed Gueye,Atlanta Hawks,-1.3,1.8,0.4,0.20,27,74,45,34,78,53,10%,,,,,,,,,
Jonathan Isaac,Orlando Magic,-1.8,2.2,0.4,0.57,23,82,45,29,85,53,29%,,,,,,,,,
Ryan Rollins,Milwaukee Bucks,0.0,0.4,0.4,1.20,40,49,45,50,56,53,60%,,,,,,,,,
Brandon Clarke,Memphis Grizzlies,-0.2,0.6,0.4,0.59,38,52,45,48,59,53,29%,,,,,,,,,
Ryan Dunn,Phoenix Suns,-0.8,1.1,0.4,1.04,33,63,45,41,68,53,52%,,,,,,,,,
Jose Alvarado,New York Knicks,-0.5,0.8,0.4,0.69,36,57,45,44,63,52,34%,,,,,,,,,
Kevin Porter Jr.,Milwaukee Bucks,-0.5,0.9,0.3,1.30,35,58,45,44,64,52,65%,,,,,,,,,
Jaylen Wells,Memphis Grizzlies,0.8,-0.4,0.3,0.33,48,34,45,56,40,52,16%,,,,,,,,,
Jamal Shead,Toronto Raptors,-0.9,1.2,0.3,0.45,32,64,45,40,69,52,22%,,,,,,,,,
Dillon Brooks,Phoenix Suns,0.0,0.4,0.3,0.61,40,48,45,50,56,52,30%,,,,,,,,,
Scotty Pippen Jr.,Memphis Grizzlies,-0.5,0.8,0.3,0.57,35,57,45,44,63,52,28%,,,,,,,,,
Anthony Black,Orlando Magic,-0.7,1.0,0.3,0.41,33,61,45,42,66,52,21%,,,,,,,,,
Landry Shamet,New York Knicks,-0.6,0.9,0.3,0.48,34,59,44,43,64,52,24%,,,,,,,,,
Hugo Gonzalez,Boston Celtics,-1.5,1.8,0.3,0.44,26,76,44,32,79,52,22%,,,,,,,,,
Josh Okogie,Houston Rockets,-0.7,1.0,0.3,0.82,34,60,44,42,66,52,41%,,,,,,,,,
Keon Ellis,Cleveland Cavaliers,-0.6,0.9,0.3,0.63,34,58,44,43,64,52,32%,,,,,,,,,
Jusuf Nurkic,Utah Jazz,-1.3,1.6,0.3,0.14,28,71,44,34,75,52,7%,,,,,,,,,
Cam Spencer,Memphis Grizzlies,1.0,-0.7,0.3,0.52,50,28,44,58,34,52,26%,,,,,,,,,
Tyler Herro,Miami Heat,1.3,-1.1,0.2,0.66,53,22,44,61,26,52,33%,,,,,,,,,
Naji Marshall,Dallas Mavericks,0.0,0.2,0.2,0.79,40,46,44,50,53,52,40%,,,,,,,,,
Kris Dunn,Los Angeles Clippers,-1.4,1.6,0.2,0.21,27,71,44,33,75,51,11%,,,,,,,,,
Jonathan Kuminga,Atlanta Hawks,-1.2,1.4,0.2,0.25,29,67,43,36,72,51,12%,,,,,,,,,
Leonard Miller,Chicago Bulls,0.4,-0.2,0.2,0.36,44,38,43,53,46,51,18%,,,,,,,,,
Quinten Post,Golden State Warriors,-0.6,0.7,0.1,0.81,35,54,43,43,61,51,40%,,,,,,,,,
Max Strus,Cleveland Cavaliers,0.5,-0.4,0.1,0.27,45,35,43,54,42,51,13%,,,,,,,,,
Myron Gardner,Miami Heat,-0.2,0.3,0.1,0.56,39,47,43,48,54,51,28%,,,,,,,,,
Dru Smith,Miami Heat,-1.7,1.8,0.1,0.52,24,75,43,30,78,51,26%,,,,,,,,,
D'Angelo Russell,Washington Wizards,0.2,-0.1,0.1,0.84,42,39,42,51,47,50,42%,,,,,,,,,
Ja'Kobe Walter,Toronto Raptors,-0.8,0.8,0.0,0.51,32,57,42,40,63,50,26%,,,,,,,,,
Tyrese Proctor,Cleveland Cavaliers,0.1,-0.1,0.0,0.59,41,40,42,51,48,50,29%,,,,,,,,,
Dejounte Murray,New Orleans Pelicans,0.5,-0.5,0.0,0.89,45,33,42,54,40,50,44%,,,,,,,,,
Kel'el Ware,Miami Heat,-0.1,0.1,0.0,0.79,39,43,42,49,51,50,39%,,,,,,,,,
Kasparas Jakucionis,Miami Heat,0.0,0.0,0.0,0.64,40,42,42,50,51,50,32%,,,,,,,,,
Ron Harper Jr.,Boston Celtics,0.1,-0.1,0.0,0.48,41,40,42,51,48,50,24%,,,,,,,,,
Dominick Barlow,Philadelphia 76ers,-1.3,1.3,0.0,0.60,28,65,42,35,70,50,30%,,,,,,,,,
Devin Carter,Sacramento Kings,0.2,-0.3,0.0,0.52,42,37,42,52,44,50,26%,,,,,,,,,
Jordan Walsh,Boston Celtics,-0.9,0.8,-0.1,0.49,32,57,41,40,63,49,24%,,,,,,,,,
Santi Aldama,Memphis Grizzlies,0.3,-0.4,-0.1,0.29,43,35,41,52,42,49,15%,,,,,,,,,
Lonzo Ball,Utah Jazz,-1.5,1.4,-0.1,0.56,26,68,41,32,72,49,28%,,,,,,,,,
Simone Fontecchio,Miami Heat,0.1,-0.2,-0.1,0.45,41,39,41,51,46,49,23%,,,,,,,,,
Kevon Looney,New Orleans Pelicans,-0.5,0.4,-0.1,0.61,35,50,41,43,57,49,31%,,,,,,,,,
Grant Williams,Charlotte Hornets,-0.7,0.6,-0.1,0.43,33,53,41,41,60,49,22%,,,,,,,,,
Josh Green,Charlotte Hornets,-1.0,0.9,-0.2,0.55,30,58,41,38,64,48,27%,,,,,,,,,
Elijah Harkless,Utah Jazz,-0.6,0.4,-0.2,0.25,34,50,41,43,57,48,13%,,,,,,,,,
Nae'Qwan Tomlin,Cleveland Cavaliers,-0.5,0.4,-0.2,0.86,35,49,41,43,56,48,43%,,,,,,,,,
Josh Giddey,Chicago Bulls,0.5,-0.6,-0.2,0.77,44,30,41,54,36,48,39%,,,,,,,,,
Quenton Jackson,Indiana Pacers,-0.4,0.2,-0.2,0.39,37,45,40,46,53,48,19%,,,,,,,,,
Jaxson Hayes,Los Angeles Lakers,-0.5,0.3,-0.2,0.30,36,47,40,44,54,48,15%,,,,,,,,,
Javon Small,Memphis Grizzlies,0.2,-0.4,-0.2,0.36,42,35,40,51,42,48,18%,,,,,,,,,
Miles Bridges,Charlotte Hornets,0.4,-0.6,-0.3,0.65,44,30,40,53,36,47,32%,,,,,,,,,
Chris Boucher,Utah Jazz,0.4,-0.7,-0.3,0.30,44,30,40,53,35,47,15%,,,,,,,,,
Rasheer Fleming,Phoenix Suns,-1.0,0.7,-0.3,0.25,30,55,40,38,61,47,12%,,,,,,,,,
Quentin Grimes,Philadelphia 76ers,-0.4,0.1,-0.3,0.79,36,44,39,45,52,47,39%,,,,,,,,,
Justin Champagnie,Washington Wizards,0.3,-0.6,-0.3,0.49,43,30,39,53,36,47,25%,,,,,,,,,
Vince Williams Jr.,Utah Jazz,-1.0,0.7,-0.3,0.34,31,54,39,38,61,47,17%,,,,,,,,,
Aaron Wiggins,Oklahoma City Thunder,-0.6,0.2,-0.3,0.34,35,46,39,43,54,47,17%,,,,,,,,,
Kyle Filipowski,Utah Jazz,0.4,-0.7,-0.3,0.78,44,29,39,53,35,47,39%,,,,,,,,,
Egor Demin,Brooklyn Nets,-0.8,0.5,-0.3,0.77,32,51,39,40,58,47,39%,,,,,,,,,
Brook Lopez,Los Angeles Clippers,-0.9,0.5,-0.4,0.19,32,51,39,40,58,47,9%,,,,,,,,,
Luguentz Dort,Oklahoma City Thunder,-0.6,0.2,-0.4,0.58,35,46,39,43,53,46,29%,,,,,,,,,
Moritz Wagner,Orlando Magic,0.1,-0.5,-0.4,0.61,41,33,39,51,40,46,31%,,,,,,,,,
Jalen Green,Phoenix Suns,-0.2,-0.2,-0.4,1.19,38,38,39,48,46,46,60%,,,,,,,,,
John Konchar,Utah Jazz,-1.6,1.1,-0.4,0.63,25,63,38,31,68,46,32%,,,,,,,,,
Anfernee Simons,Chicago Bulls,0.9,-1.3,-0.4,0.19,49,17,38,57,20,46,10%,,,,,,,,,
Matas Buzelis,Chicago Bulls,-0.1,-0.4,-0.4,0.60,39,35,38,49,42,46,30%,,,,,,,,,
P.J. Washington,Dallas Mavericks,-1.0,0.6,-0.5,0.81,30,52,38,38,59,45,40%,,,,,,,,,
Malik Monk,Sacramento Kings,0.7,-1.1,-0.5,0.36,47,21,38,55,25,45,18%,,,,,,,,,
Svi Mykhailiuk,Utah Jazz,0.0,-0.4,-0.5,0.33,40,34,38,50,40,45,17%,,,,,,,,,
Jock Landale,Atlanta Hawks,0.7,-1.2,-0.5,0.50,47,19,38,56,23,45,25%,,,,,,,,,
Aaron Holiday,Houston Rockets,-1.4,1.0,-0.5,0.31,26,59,38,33,65,45,15%,,,,,,,,,
Kris Murray,Portland Trail Blazers,-2.2,1.7,-0.5,0.41,19,74,38,23,77,45,21%,,,,,,,,,
Josh Minott,Brooklyn Nets,-1.2,0.7,-0.5,0.52,29,54,38,36,61,45,26%,,,,,,,,,
Bennedict Mathurin,Los Angeles Clippers,-0.2,-0.3,-0.5,0.34,38,36,37,47,43,45,17%,,,,,,,,,
Jeremiah Fears,New Orleans Pelicans,0.3,-0.9,-0.5,0.53,43,26,37,52,31,45,27%,,,,,,,,,
Brandon Ingram,Toronto Raptors,-0.1,-0.5,-0.6,0.66,39,33,37,49,39,45,33%,,,,,,,,,
Al Horford,Golden State Warriors,-0.5,-0.1,-0.6,0.41,35,41,37,44,49,45,21%,,,,,,,,,
Jake LaRavia,Los Angeles Lakers,-0.4,-0.2,-0.6,0.60,36,38,37,45,46,44,30%,,,,,,,,,
Nikola Vucevic,Boston Celtics,-0.1,-0.4,-0.6,0.47,39,34,37,48,41,44,24%,,,,,,,,,
Mark Williams,Phoenix Suns,-0.7,0.1,-0.6,0.85,33,44,37,41,52,44,42%,,,,,,,,,
Matisse Thybulle,Portland Trail Blazers,-2.8,2.2,-0.6,0.33,13,83,37,16,86,44,17%,,,,,,,,,
Collin Sexton,Chicago Bulls,0.4,-1.0,-0.6,0.36,44,22,37,54,27,44,18%,,,,,,,,,
Mike Conley,Minnesota Timberwolves,-0.6,0.0,-0.6,0.52,34,42,37,42,50,44,26%,,,,,,,,,
Shaedon Sharpe,Portland Trail Blazers,-0.2,-0.5,-0.7,0.91,38,33,36,48,40,43,45%,,,,,,,,,
Ethan Thompson,Indiana Pacers,-1.1,0.4,-0.7,0.41,30,48,36,37,56,43,20%,,,,,,,,,
Jaime Jaquez Jr.,Miami Heat,-0.4,-0.3,-0.7,0.49,36,36,36,45,42,43,25%,,,,,,,,,
Jamir Watkins,Washington Wizards,-1.3,0.6,-0.7,0.46,27,53,36,34,60,43,23%,,,,,,,,,
Jay Huff,Indiana Pacers,-0.6,-0.2,-0.7,0.94,34,39,36,43,47,43,47%,,,,,,,,,
Rui Hachimura,Los Angeles Lakers,-0.7,-0.1,-0.8,0.50,33,41,36,42,49,43,25%,,,,,,,,,
Kentavious Caldwell-Pope,Memphis Grizzlies,-1.3,0.5,-0.8,0.33,28,52,36,35,58,43,16%,,,,,,,,,
Isaiah Jackson,Los Angeles Clippers,-0.6,-0.1,-0.8,0.68,34,39,36,43,47,43,34%,,,,,,,,,
Kobe Sanders,Los Angeles Clippers,-0.9,0.1,-0.8,0.78,31,44,36,39,52,42,39%,,,,,,,,,
Brandon Williams,Dallas Mavericks,0.0,-0.8,-0.8,0.44,40,28,36,50,33,42,22%,,,,,,,,,
Myles Turner,Milwaukee Bucks,-0.9,0.1,-0.8,0.13,32,44,36,39,52,42,6%,,,,,,,,,
Tristan da Silva,Orlando Magic,-1.2,0.4,-0.8,0.37,29,49,35,36,56,42,18%,,,,,,,,,
Harrison Barnes,San Antonio Spurs,0.5,-1.3,-0.8,0.22,45,17,35,54,21,42,11%,,,,,,,,,
Tyler Kolek,New York Knicks,-1.5,0.7,-0.8,0.64,25,55,35,32,61,42,32%,,,,,,,,,
Bogdan Bogdanovic,Los Angeles Clippers,-0.5,-0.3,-0.9,0.31,35,35,35,44,42,42,16%,,,,,,,,,
Nikola Jovic,Miami Heat,-1.8,0.9,-0.9,0.40,23,59,35,28,65,41,20%,,,,,,,,,
De'Andre Hunter,Sacramento Kings,-0.1,-0.8,-0.9,0.32,39,27,35,49,33,41,16%,,,,,,,,,
Marvin Bagley III,Dallas Mavericks,-0.3,-0.6,-0.9,0.55,37,31,35,46,37,41,28%,,,,,,,,,
Isaac Okoro,Chicago Bulls,-0.4,-0.5,-0.9,0.37,36,32,34,45,39,41,19%,,,,,,,,,
Carter Bryant,San Antonio Spurs,-1.6,0.6,-0.9,0.51,25,54,34,31,60,41,25%,,,,,,,,,
Jared McCain,Oklahoma City Thunder,-0.8,-0.1,-0.9,0.60,32,40,34,40,48,41,30%,,,,,,,,,
Jonas Valanciunas,Denver Nuggets,0.4,-1.3,-0.9,1.05,44,17,34,53,20,41,52%,,,,,,,,,
Craig Porter Jr.,Cleveland Cavaliers,-0.8,-0.1,-0.9,0.62,32,40,34,40,48,41,31%,,,,,,,,,
Karlo Matkovic,New Orleans Pelicans,-1.5,0.5,-0.9,0.62,26,52,34,32,59,41,31%,,,,,,,,,
Cameron Payne,Philadelphia 76ers,-1.2,0.3,-0.9,0.33,28,47,34,35,54,41,16%,,,,,,,,,
Dorian Finney-Smith,Houston Rockets,-1.6,0.6,-1.0,0.52,25,53,34,31,60,41,26%,,,,,,,,,
Ryan Kalkbrenner,Charlotte Hornets,-1.8,0.8,-1.0,0.27,23,57,34,29,63,41,13%,,,,,,,,,
Peyton Watson,Denver Nuggets,-0.9,-0.1,-1.0,1.29,32,39,34,40,47,40,64%,,,,,,,,,
Dylan Cardwell,Sacramento Kings,-1.6,0.6,-1.0,0.62,25,53,34,31,60,40,31%,,,,,,,,,
Oscar Tshiebwe,Utah Jazz,0.1,-1.1,-1.0,0.62,41,22,34,50,26,40,31%,,,,,,,,,
Andrew Wiggins,Miami Heat,-0.8,-0.3,-1.0,0.80,33,37,33,41,44,40,40%,,,,,,,,,
Kyshawn George,Washington Wizards,-1.2,0.2,-1.1,0.61,28,45,33,35,53,40,31%,,,,,,,,,
Kevin Love,Utah Jazz,0.0,-1.0,-1.1,0.44,40,23,33,49,27,40,22%,,,,,,,,,
Nic Claxton,Brooklyn Nets,-1.0,-0.1,-1.1,0.99,31,40,33,39,48,40,49%,,,,,,,,,
Trayce Jackson-Davis,Toronto Raptors,-1.5,0.4,-1.1,0.15,26,50,33,32,57,39,8%,,,,,,,,,
Mohamed Diawara,New York Knicks,-1.8,0.7,-1.1,0.33,23,55,33,28,61,39,16%,,,,,,,,,
Asa Newell,Atlanta Hawks,-0.7,-0.4,-1.1,0.58,33,35,33,41,42,39,29%,,,,,,,,,
Liam McNeeley,Charlotte Hornets,-1.2,0.1,-1.1,0.61,28,44,33,36,52,39,31%,,,,,,,,,
John Collins,Los Angeles Clippers,-0.6,-0.6,-1.1,0.30,35,31,33,43,38,39,15%,,,,,,,,,
Ayo Dosunmu,Minnesota Timberwolves,-0.5,-0.6,-1.1,0.51,35,31,33,44,37,39,25%,,,,,,,,,
Monte Morris,Indiana Pacers,-0.6,-0.5,-1.1,0.71,34,32,33,43,38,39,36%,,,,,,,,,
Johnny Furphy,Indiana Pacers,-1.7,0.6,-1.1,0.49,23,53,33,29,60,39,24%,,,,,,,,,
Nique Clifford,Sacramento Kings,-1.6,0.5,-1.1,0.52,25,50,33,31,57,39,26%,,,,,,,,,
Jamal Cain,Orlando Magic,-0.5,-0.7,-1.2,0.61,36,29,33,45,35,39,31%,,,,,,,,,
Haywood Highsmith,Phoenix Suns,-1.7,0.5,-1.2,0.26,24,51,32,30,58,38,13%,,,,,,,,,
A.J. Lawson,Toronto Raptors,-1.0,-0.2,-1.2,0.56,31,38,32,38,46,38,28%,,,,,,,,,
Marcus Sasser,Detroit Pistons,-1.5,0.3,-1.2,0.60,26,47,32,32,55,38,30%,,,,,,,,,
Jarred Vanderbilt,Los Angeles Lakers,-1.4,0.2,-1.2,0.67,27,45,32,33,53,38,34%,,,,,,,,,
Thomas Bryant,Cleveland Cavaliers,-0.6,-0.7,-1.2,0.23,35,29,32,43,35,38,12%,,,,,,,,,
Joan Beringer,Minnesota Timberwolves,-0.3,-0.9,-1.2,0.50,37,24,32,47,29,38,25%,,,,,,,,,
DeMar DeRozan,Sacramento Kings,1.0,-2.3,-1.2,0.62,50,0,32,58,0,38,31%,,,,,,,,,
Koby Brea,Phoenix Suns,-0.2,-1.0,-1.2,0.76,38,23,32,47,28,38,38%,,,,,,,,,
Kenrich Williams,Oklahoma City Thunder,-1.3,0.1,-1.3,0.59,27,43,32,34,51,38,29%,,,,,,,,,
T.J. McConnell,Indiana Pacers,-0.8,-0.4,-1.3,0.73,32,34,32,40,40,38,37%,,,,,,,,,
Reed Sheppard,Houston Rockets,-1.0,-0.3,-1.3,1.30,31,36,32,38,43,38,65%,,,,,,,,,
DaRon Holmes II,Denver Nuggets,-0.9,-0.4,-1.3,0.46,31,35,31,39,42,38,23%,,,,,,,,,
Dwight Powell,Dallas Mavericks,-1.5,0.1,-1.3,0.55,26,45,31,33,52,37,27%,,,,,,,,,
Blake Hinson,Utah Jazz,-0.6,-0.7,-1.3,0.82,34,28,31,43,34,37,41%,,,,,,,,,
GG Jackson,Memphis Grizzlies,-0.2,-1.2,-1.3,0.59,39,20,31,48,24,37,30%,,,,,,,,,
Precious Achiuwa,Sacramento Kings,-1.2,-0.1,-1.3,0.38,28,40,31,35,47,37,19%,,,,,,,,,
Scoot Henderson,Portland Trail Blazers,-1.0,-0.4,-1.4,0.22,31,35,31,38,41,37,11%,,,,,,,,,
David Jones Garcia,San Antonio Spurs,-1.2,-0.1,-1.4,0.38,28,39,31,35,47,37,19%,,,,,,,,,
Yves Missi,New Orleans Pelicans,-0.8,-0.6,-1.4,1.00,32,31,30,40,37,36,50%,,,,,,,,,
Brice Sensabaugh,Utah Jazz,0.4,-1.8,-1.4,0.53,44,8,30,53,9,36,27%,,,,,,,,,
Jamaree Bouyea,Phoenix Suns,-2.1,0.7,-1.4,0.12,20,54,30,25,61,36,6%,,,,,,,,,
Ryan Nembhard,Dallas Mavericks,-1.5,0.1,-1.4,0.99,25,44,30,32,52,36,50%,,,,,,,,,
Micah Peavy,New Orleans Pelicans,-1.6,0.2,-1.5,0.60,24,45,30,30,53,36,30%,,,,,,,,,
Ziaire Williams,Brooklyn Nets,-2.3,0.9,-1.5,0.53,18,58,30,22,64,36,26%,,,,,,,,,
Ace Bailey,Utah Jazz,-0.3,-1.1,-1.5,0.29,37,21,30,46,25,36,15%,,,,,,,,,
Khaman Maluach,Phoenix Suns,-2.1,0.6,-1.5,0.49,20,53,30,25,60,36,25%,,,,,,,,,
Tolu Smith,Detroit Pistons,-1.3,-0.2,-1.5,0.42,28,38,30,35,45,36,21%,,,,,,,,,
Klay Thompson,Dallas Mavericks,-0.9,-0.6,-1.5,0.70,32,31,30,39,37,35,35%,,,,,,,,,
Lachlan Olbrich,Chicago Bulls,-1.2,-0.3,-1.5,0.53,28,36,30,35,44,35,27%,,,,,,,,,
Moussa Cisse,Dallas Mavericks,-1.6,0.0,-1.5,0.69,25,43,29,31,51,35,34%,,,,,,,,,
Buddy Boeheim,Oklahoma City Thunder,-0.9,-0.6,-1.5,0.33,31,31,29,39,37,35,16%,,,,,,,,,
Tyler Smith,Dallas Mavericks,-1.3,-0.2,-1.5,0.52,27,38,29,34,45,35,26%,,,,,,,,,
Caris LeVert,Detroit Pistons,-1.8,0.2,-1.5,0.84,23,46,29,29,54,35,42%,,,,,,,,,
Branden Carlson,Oklahoma City Thunder,-0.5,-1.0,-1.5,0.60,35,23,29,44,27,35,30%,,,,,,,,,
Jordan Miller,Los Angeles Clippers,-0.9,-0.7,-1.5,0.36,32,29,29,40,35,35,18%,,,,,,,,,
Bradley Beal,Los Angeles Clippers,-0.4,-1.1,-1.5,0.68,36,21,29,45,25,35,34%,,,,,,,,,
Julian Phillips,Minnesota Timberwolves,-1.7,0.2,-1.6,0.65,23,45,29,29,53,35,33%,,,,,,,,,
Tristen Newton,Houston Rockets,-1.0,-0.6,-1.6,0.56,31,31,29,38,38,35,28%,,,,,,,,,
Jerami Grant,Portland Trail Blazers,-0.4,-1.2,-1.6,0.55,36,20,29,45,24,35,28%,,,,,,,,,
Spencer Jones,Denver Nuggets,-2.2,0.6,-1.6,0.55,19,53,29,24,60,35,28%,,,,,,,,,
Alex Sarr,Washington Wizards,-1.5,-0.1,-1.6,0.89,26,40,29,32,48,35,44%,,,,,,,,,
Trevor Keels,Miami Heat,-1.2,-0.4,-1.6,0.40,29,35,29,36,41,35,20%,,,,,,,,,
Jabari Walker,Philadelphia 76ers,-1.6,0.0,-1.6,0.43,25,42,29,31,50,35,21%,,,,,,,,,
Dalen Terry,Philadelphia 76ers,-2.3,0.7,-1.6,0.47,18,55,29,22,62,35,24%,,,,,,,,,
Lindy Waters III,San Antonio Spurs,-1.4,-0.2,-1.6,0.40,27,38,29,33,45,34,20%,,,,,,,,,
Danny Wolf,Brooklyn Nets,-2.2,0.6,-1.6,0.54,19,53,29,24,59,34,27%,,,,,,,,,
Keshad Johnson,Miami Heat,-1.4,-0.2,-1.6,0.58,27,37,29,34,45,34,29%,,,,,,,,,
Olivier-Maxence Prosper,Memphis Grizzlies,-0.9,-0.7,-1.6,0.81,31,29,29,39,35,34,40%,,,,,,,,,
Zach LaVine,Sacramento Kings,0.1,-1.8,-1.6,0.61,41,9,29,51,11,34,31%,,,,,,,,,
Jalen Pickett,Denver Nuggets,-1.8,0.2,-1.6,0.98,23,45,29,28,53,34,49%,,,,,,,,,
Chucky Hepburn,Toronto Raptors,-1.2,-0.5,-1.6,0.40,29,33,29,36,40,34,20%,,,,,,,,,
Kelly Oubre Jr.,Philadelphia 76ers,-0.7,-1.0,-1.6,0.38,34,24,29,42,29,34,19%,,,,,,,,,
Tim Hardaway Jr.,Denver Nuggets,-0.3,-1.4,-1.7,0.44,38,16,28,47,19,34,22%,,,,,,,,,
Mark Sears,Milwaukee Bucks,-0.9,-0.8,-1.7,0.44,32,28,28,39,33,34,22%,,,,,,,,,
Jase Richardson,Orlando Magic,-1.3,-0.4,-1.7,0.37,28,34,28,35,41,34,19%,,,,,,,,,
Adem Bona,Philadelphia 76ers,-1.6,-0.1,-1.7,0.35,25,41,28,31,49,34,18%,,,,,,,,,
Keyonte George,Utah Jazz,1.0,-2.7,-1.7,0.79,50,-8,28,58,-9,34,39%,,,,,,,,,
RayJ Dennis,Atlanta Hawks,-1.3,-0.4,-1.7,0.29,27,35,28,34,42,34,15%,,,,,,,,,
Gradey Dick,Toronto Raptors,-1.9,0.2,-1.7,0.85,22,46,28,27,54,34,42%,,,,,,,,,
Tre Johnson,Washington Wizards,-1.2,-0.5,-1.7,0.86,29,33,28,36,39,33,43%,,,,,,,,,
Bobi Klintman,Detroit Pistons,-1.5,-0.2,-1.7,0.57,26,38,28,32,46,33,29%,,,,,,,,,
Cam Christie,Los Angeles Clippers,-2.6,0.8,-1.7,0.22,16,57,28,20,63,33,11%,,,,,,,,,
Will Richard,Golden State Warriors,-2.0,0.2,-1.7,0.49,21,46,28,26,54,33,25%,,,,,,,,,
Ben Sheppard,Indiana Pacers,-1.1,-0.6,-1.7,0.52,29,31,28,37,37,33,26%,,,,,,,,,
Noah Penda,Orlando Magic,-1.4,-0.4,-1.7,0.65,27,35,28,34,42,33,33%,,,,,,,,,
Jae'Sean Tate,Houston Rockets,-2.0,0.2,-1.8,0.66,21,46,28,26,54,33,33%,,,,,,,,,
Pat Connaughton,Charlotte Hornets,-1.7,-0.1,-1.8,0.62,24,40,28,30,48,33,31%,,,,,,,,,
Isaiah Stewart,Detroit Pistons,-1.9,0.2,-1.8,0.51,22,45,28,27,53,33,25%,,,,,,,,,
Buddy Hield,Atlanta Hawks,-0.7,-1.1,-1.8,0.05,33,22,27,42,26,33,3%,,,,,,,,,
Zach Collins,Chicago Bulls,-1.7,-0.1,-1.8,0.59,24,40,27,30,47,33,30%,,,,,,,,,
Cam Whitmore,Washington Wizards,-0.9,-0.9,-1.8,0.23,31,26,27,39,31,33,11%,,,,,,,,,
Curtis Jones,Denver Nuggets,-1.4,-0.4,-1.8,0.29,27,34,27,34,40,33,15%,,,,,,,,,
Sidy Cissoko,Portland Trail Blazers,-2.7,0.9,-1.8,0.25,14,59,27,18,65,32,12%,,,,,,,,,
JD Davison,Houston Rockets,-1.6,-0.2,-1.8,0.39,25,38,27,31,45,32,19%,,,,,,,,,
Sean Pedulla,Los Angeles Clippers,-1.0,-0.8,-1.8,0.78,31,27,27,38,32,32,39%,,,,,,,,,
Jevon Carter,Orlando Magic,-1.2,-0.6,-1.8,0.71,29,30,27,36,36,32,35%,,,,,,,,,
Garrison Mathews,Indiana Pacers,-1.3,-0.5,-1.8,0.61,27,33,27,34,39,32,31%,,,,,,,,,
Tristan Vukcevic,Washington Wizards,-0.9,-0.9,-1.8,0.56,31,25,27,39,30,32,28%,,,,,,,,,
LJ Cryer,Golden State Warriors,-1.2,-0.7,-1.8,0.75,29,30,27,36,36,32,37%,,,,,,,,,
Terance Mann,Brooklyn Nets,-0.9,-0.9,-1.8,0.32,31,25,27,39,30,32,16%,,,,,,,,,
Luke Kennard,Los Angeles Lakers,-0.5,-1.4,-1.8,0.37,36,16,27,44,20,32,18%,,,,,,,,,
Kelly Olynyk,San Antonio Spurs,-0.9,-0.9,-1.8,0.33,31,25,27,39,29,32,17%,,,,,,,,,
Chris Youngblood,Portland Trail Blazers,-1.1,-0.8,-1.9,0.63,30,28,27,37,33,32,32%,,,,,,,,,
Guerschon Yabusele,Chicago Bulls,-0.7,-1.2,-1.9,0.38,33,20,27,42,24,32,19%,,,,,,,,,
Pacome Dadiet,New York Knicks,-1.7,-0.2,-1.9,0.51,24,38,27,30,46,32,26%,,,,,,,,,
Cam Thomas,Milwaukee Bucks,0.9,-2.7,-1.9,0.32,48,-9,27,57,-10,32,16%,,,,,,,,,
Khris Middleton,Dallas Mavericks,-0.4,-1.5,-1.9,0.73,37,14,27,46,16,32,36%,,,,,,,,,
Micah Potter,Indiana Pacers,-0.9,-0.9,-1.9,0.60,31,24,27,39,29,32,30%,,,,,,,,,
John Poulakidas,Dallas Mavericks,-1.5,-0.4,-1.9,0.49,26,34,26,32,41,32,24%,,,,,,,,,
Noa Essengue,Chicago Bulls,-1.3,-0.6,-1.9,0.46,27,31,26,34,37,31,23%,,,,,,,,,
Andre Drummond,Philadelphia 76ers,-1.8,-0.1,-1.9,0.59,23,40,26,29,47,31,29%,,,,,,,,,
PJ Hall,Charlotte Hornets,-1.7,-0.3,-1.9,0.34,24,37,26,30,44,31,17%,,,,,,,,,
Taylor Hendricks,Memphis Grizzlies,-1.6,-0.4,-1.9,0.24,25,35,26,31,42,31,12%,,,,,,,,,
Alex Antetokounmpo,Milwaukee Bucks,-1.2,-0.8,-1.9,0.71,29,28,26,36,33,31,36%,,,,,,,,,
Yuki Kawamura,Chicago Bulls,-1.0,-0.9,-2.0,0.48,30,25,26,38,30,31,24%,,,,,,,,,
Royce O'Neale,Phoenix Suns,-1.2,-0.7,-2.0,0.26,28,28,26,35,34,31,13%,,,,,,,,,
Jett Howard,Orlando Magic,-1.1,-0.9,-2.0,0.34,29,26,26,36,31,31,17%,,,,,,,,,
Chaz Lanier,Detroit Pistons,-1.6,-0.4,-2.0,0.42,25,35,26,31,41,31,21%,,,,,,,,,
Kyle Anderson,Minnesota Timberwolves,-3.1,1.1,-2.0,0.19,10,63,26,12,68,31,10%,,,,,,,,,
Zaccharie Risacher,Atlanta Hawks,-1.3,-0.7,-2.0,0.44,28,29,26,34,34,30,22%,,,,,,,,,
Yanic Konan Niederhauser,Los Angeles Clippers,-1.9,-0.1,-2.0,0.47,22,40,26,27,48,30,24%,,,,,,,,,
Tosan Evbuomwan,Charlotte Hornets,-2.0,0.0,-2.0,0.34,21,42,26,26,50,30,17%,,,,,,,,,
Derik Queen,New Orleans Pelicans,-0.9,-1.1,-2.0,0.56,31,22,25,39,26,30,28%,,,,,,,,,
Terrence Shannon Jr.,Minnesota Timberwolves,-0.8,-1.2,-2.0,0.60,32,19,25,40,23,30,30%,,,,,,,,,
Riley Minix,Cleveland Cavaliers,-1.3,-0.7,-2.1,0.48,28,28,25,34,34,30,24%,,,,,,,,,
Nikola Topic,Oklahoma City Thunder,-1.2,-0.8,-2.1,0.72,29,26,25,36,31,30,36%,,,,,,,,,
Draymond Green,Golden State Warriors,-2.8,0.7,-2.1,0.28,13,55,25,17,61,30,14%,,,,,,,,,
Bilal Coulibaly,Washington Wizards,-1.9,-0.1,-2.1,0.71,22,39,25,27,47,30,36%,,,,,,,,,
Caleb Love,Portland Trail Blazers,-1.3,-0.8,-2.1,0.43,28,27,25,35,32,30,22%,,,,,,,,,
Dennis Schroder,Cleveland Cavaliers,-1.3,-0.8,-2.1,0.21,28,27,25,34,33,30,10%,,,,,,,,,
Daeqwon Plowden,Sacramento Kings,-0.9,-1.2,-2.1,0.78,32,19,25,40,23,30,39%,,,,,,,,,
Deandre Ayton,Los Angeles Lakers,-1.5,-0.6,-2.1,0.49,26,31,25,32,37,30,25%,,,,,,,,,
Jordan Clarkson,New York Knicks,-0.9,-1.2,-2.1,0.69,32,19,25,40,22,30,35%,,,,,,,,,
Nicolas Batum,Los Angeles Clippers,-2.1,0.0,-2.1,0.61,20,42,25,25,50,29,31%,,,,,,,,,
Max Christie,Dallas Mavericks,-1.9,-0.2,-2.1,0.59,22,38,25,27,45,29,30%,,,,,,,,,
Jordan Poole,New Orleans Pelicans,-0.7,-1.4,-2.1,0.62,34,15,25,42,18,29,31%,,,,,,,,,
Bobby Portis,Milwaukee Bucks,-0.7,-1.4,-2.1,0.65,33,16,25,41,19,29,33%,,,,,,,,,
Orlando Robinson,Orlando Magic,-1.5,-0.6,-2.1,0.40,26,30,25,32,36,29,20%,,,,,,,,,
Corey Kispert,Atlanta Hawks,-0.7,-1.4,-2.1,0.28,33,16,24,41,19,29,14%,,,,,,,,,
Cole Anthony,Phoenix Suns,-2.1,0.0,-2.1,0.59,20,41,24,25,49,29,30%,,,,,,,,,
Justin Edwards,Philadelphia 76ers,-0.7,-1.4,-2.1,0.42,33,15,24,42,18,29,21%,,,,,,,,,
Jalen Slawson,Indiana Pacers,-1.8,-0.3,-2.2,0.50,22,36,24,28,43,29,25%,,,,,,,,,
Jaden Hardy,Washington Wizards,-1.1,-1.1,-2.2,0.36,30,22,24,37,26,29,18%,,,,,,,,,
Chaney Johnson,Brooklyn Nets,-1.9,-0.3,-2.2,0.60,22,36,24,27,43,29,30%,,,,,,,,,
Colin Castleton,Orlando Magic,-1.9,-0.3,-2.2,0.41,22,37,24,27,44,28,20%,,,,,,,,,
Tyus Jones,Denver Nuggets,-0.9,-1.3,-2.2,0.55,31,18,24,39,21,28,28%,,,,,,,,,
Miles Kelly,Dallas Mavericks,-1.6,-0.6,-2.2,0.41,25,30,24,31,36,28,20%,,,,,,,,,
Seth Curry,Golden State Warriors,-1.0,-1.2,-2.2,0.35,30,19,24,38,23,28,17%,,,,,,,,,
Ochai Agbaji,Brooklyn Nets,-2.3,0.1,-2.2,0.47,18,44,24,22,52,28,23%,,,,,,,,,
Ousmane Dieng,Milwaukee Bucks,-1.6,-0.6,-2.2,0.53,24,31,24,30,37,28,26%,,,,,,,,,
Caleb Houstan,Atlanta Hawks,-2.1,-0.1,-2.2,0.31,20,39,24,25,47,28,16%,,,,,,,,,
Keaton Wallace,Atlanta Hawks,-2.3,0.1,-2.3,0.24,18,43,24,22,51,28,12%,,,,,,,,,
KJ Simpson,Denver Nuggets,-2.3,0.0,-2.3,0.38,18,42,23,23,50,28,19%,,,,,,,,,
Alijah Martin,Toronto Raptors,-1.8,-0.5,-2.3,0.52,23,33,23,28,40,28,26%,,,,,,,,,
Cody Martin,Indiana Pacers,-2.9,0.6,-2.3,0.75,12,53,23,16,60,28,38%,,,,,,,,,
Julian Strawther,Denver Nuggets,-1.8,-0.5,-2.3,0.31,23,33,23,28,40,28,15%,,,,,,,,,
Vit Krejci,Portland Trail Blazers,-1.9,-0.4,-2.3,0.61,21,35,23,27,42,28,31%,,,,,,,,,
Bryce McGowens,New Orleans Pelicans,-1.4,-0.9,-2.3,0.33,27,25,23,33,30,27,17%,,,,,,,,,
Tony Bradley,Atlanta Hawks,-1.8,-0.5,-2.3,0.75,23,33,23,28,39,27,37%,,,,,,,,,
Hunter Tyson,Brooklyn Nets,-1.8,-0.5,-2.3,0.91,23,32,23,28,39,27,46%,,,,,,,,,
Tristan Enaruna,Cleveland Cavaliers,-1.8,-0.6,-2.3,0.76,23,32,23,29,38,27,38%,,,,,,,,,
Tyrese Martin,Philadelphia 76ers,-1.9,-0.4,-2.3,0.64,22,34,23,27,41,27,32%,,,,,,,,,
Mac McClung,Chicago Bulls,-1.0,-1.3,-2.3,0.82,30,18,23,38,21,27,41%,,,,,,,,,
John Tonje,Boston Celtics,-1.8,-0.5,-2.3,0.57,23,32,23,29,38,27,28%,,,,,,,,,
Gabe Vincent,Atlanta Hawks,-1.8,-0.5,-2.4,0.24,23,32,23,28,39,27,12%,,,,,,,,,
Jordan McLaughlin,San Antonio Spurs,-2.3,-0.1,-2.4,0.81,19,40,23,23,48,27,40%,,,,,,,,,
Drew Peterson,Charlotte Hornets,-1.8,-0.6,-2.4,0.43,23,32,23,28,38,27,22%,,,,,,,,,
MarJon Beauchamp,Philadelphia 76ers,-2.1,-0.3,-2.4,0.31,20,37,22,24,44,27,16%,,,,,,,,,
Johnny Juzang,Minnesota Timberwolves,-1.5,-0.9,-2.5,0.76,26,24,22,32,29,26,38%,,,,,,,,,
Kennedy Chandler,Utah Jazz,-1.3,-1.1,-2.5,0.46,27,21,22,34,25,26,23%,,,,,,,,,
Emanuel Miller,San Antonio Spurs,-1.6,-0.9,-2.5,0.43,25,26,22,31,31,26,22%,,,,,,,,,
Noah Clowney,Brooklyn Nets,-1.9,-0.6,-2.5,0.62,22,31,22,27,37,26,31%,,,,,,,,,
Colby Jones,Detroit Pistons,-2.4,-0.1,-2.5,0.26,17,40,22,22,48,26,13%,,,,,,,,,
Patrick Baldwin Jr.,Sacramento Kings,-2.1,-0.4,-2.5,0.74,20,35,22,25,41,26,37%,,,,,,,,,
Luke Travers,Cleveland Cavaliers,-1.7,-0.8,-2.5,0.54,24,28,22,29,33,26,27%,,,,,,,,,
Johni Broome,Philadelphia 76ers,-1.7,-0.8,-2.5,0.49,24,28,22,29,33,26,24%,,,,,,,,,
Dario Saric,Detroit Pistons,-2.1,-0.4,-2.5,0.57,20,34,22,25,41,26,29%,,,,,,,,,
Kevin McCullar Jr.,New York Knicks,-2.2,-0.3,-2.5,0.36,19,36,21,24,43,26,18%,,,,,,,,,
Trentyn Flowers,Chicago Bulls,-1.8,-0.7,-2.5,0.51,23,29,21,28,34,25,26%,,,,,,,,,
Christian Koloko,Atlanta Hawks,-3.0,0.5,-2.5,0.40,11,51,21,14,57,25,20%,,,,,,,,,
Kobe Bufkin,Los Angeles Lakers,-1.9,-0.6,-2.5,0.36,22,31,21,27,37,25,18%,,,,,,,,,
Antonio Reeves,Charlotte Hornets,-1.8,-0.8,-2.6,0.45,23,28,21,28,33,25,23%,,,,,,,,,
Cormac Ryan,Milwaukee Bucks,-1.4,-1.2,-2.6,0.30,27,20,21,33,24,25,15%,,,,,,,,,
Kadary Richmond,Washington Wizards,-2.4,-0.3,-2.6,0.78,18,37,20,22,44,24,39%,,,,,,,,,
Ariel Hukporti,New York Knicks,-3.5,0.8,-2.6,0.39,7,57,20,9,63,24,19%,,,,,,,,,
Hayden Gray,Utah Jazz,-1.9,-0.7,-2.6,0.84,22,29,20,27,34,24,42%,,,,,,,,,
N'Faly Dante,Atlanta Hawks,-2.3,-0.4,-2.7,0.57,19,34,20,23,41,24,28%,,,,,,,,,
Jahmir Young,Miami Heat,-1.7,-1.0,-2.7,0.59,24,23,20,29,28,24,30%,,,,,,,,,
Duop Reath,Atlanta Hawks,-2.0,-0.7,-2.7,0.56,21,28,20,26,33,24,28%,,,,,,,,,
Jayson Kent,Portland Trail Blazers,-2.2,-0.5,-2.7,0.62,19,33,20,23,39,24,31%,,,,,,,,,
Javonte Cooke,Portland Trail Blazers,-2.0,-0.7,-2.7,0.67,21,29,20,26,35,24,33%,,,,,,,,,
Maxime Raynaud,Sacramento Kings,-1.1,-1.7,-2.7,0.48,30,11,20,37,13,23,24%,,,,,,,,,
Chris Livingston,Cleveland Cavaliers,-2.5,-0.2,-2.7,0.26,16,39,20,20,46,23,13%,,,,,,,,,
DeJon Jarreau,Memphis Grizzlies,-2.0,-0.8,-2.7,0.47,21,28,20,27,33,23,23%,,,,,,,,,
Jeremy Sochan,New York Knicks,-2.6,-0.1,-2.7,0.52,15,39,20,19,47,23,26%,,,,,,,,,
Jacob Toppin,Atlanta Hawks,-2.1,-0.7,-2.7,0.58,20,29,20,25,35,23,29%,,,,,,,,,
Dillon Jones,New York Knicks,-2.7,-0.1,-2.8,0.49,15,40,19,18,48,23,25%,,,,,,,,,
Gary Trent Jr.,Milwaukee Bucks,-0.9,-1.8,-2.8,0.30,31,8,19,39,9,23,15%,,,,,,,,,
Grant Nelson,Brooklyn Nets,-2.5,-0.2,-2.8,0.91,16,38,19,20,45,23,45%,,,,,,,,,
Taurean Prince,Milwaukee Bucks,-1.3,-1.4,-2.8,0.29,27,16,19,34,19,23,14%,,,,,,,,,
Larry Nance Jr.,Cleveland Cavaliers,-2.6,-0.2,-2.8,0.77,16,38,19,19,45,23,38%,,,,,,,,,
Nolan Traore,Brooklyn Nets,-1.7,-1.1,-2.8,0.29,24,21,19,30,25,23,15%,,,,,,,,,
Jamison Battle,Toronto Raptors,-2.2,-0.6,-2.8,0.35,19,31,19,24,37,23,18%,,,,,,,,,
Chris Paul,Toronto Raptors,-1.4,-1.4,-2.8,0.45,27,15,19,34,18,23,22%,,,,,,,,,
Russell Westbrook,Sacramento Kings,-1.1,-1.7,-2.8,0.58,30,10,19,37,12,23,29%,,,,,,,,,
Payton Sandfort,Oklahoma City Thunder,-1.9,-0.9,-2.8,0.76,22,24,19,28,29,23,38%,,,,,,,,,
Max Shulga,Boston Celtics,-2.4,-0.5,-2.8,0.67,17,33,19,22,40,23,33%,,,,,,,,,
Jarace Walker,Indiana Pacers,-2.0,-0.8,-2.8,0.32,21,27,19,26,32,22,16%,,,,,,,,,
Bruce Brown,Denver Nuggets,-2.2,-0.6,-2.8,0.73,19,31,19,23,37,22,36%,,,,,,,,,
Malachi Smith,Brooklyn Nets,-2.0,-0.9,-2.8,0.43,21,26,19,26,31,22,21%,,,,,,,,,
E.J. Liddell,Brooklyn Nets,-1.5,-1.3,-2.8,0.33,25,18,19,32,21,22,17%,,,,,,,,,
Andersson Garcia,Utah Jazz,-2.5,-0.4,-2.8,0.57,16,35,19,20,42,22,28%,,,,,,,,,
Lawson Lovering,Memphis Grizzlies,-2.7,-0.2,-2.8,0.80,14,39,19,18,46,22,40%,,,,,,,,,
Andre Jackson Jr.,Milwaukee Bucks,-2.7,-0.1,-2.9,0.65,14,39,19,17,47,22,33%,,,,,,,,,
Charles Bassey,Golden State Warriors,-1.5,-1.3,-2.9,0.24,25,17,19,32,20,22,12%,,,,,,,,,
TyTy Washington Jr.,Los Angeles Clippers,-2.2,-0.6,-2.9,0.62,19,30,18,23,36,22,31%,,,,,,,,,
Olivier Sarr,Cleveland Cavaliers,-1.9,-1.0,-2.9,0.72,22,24,18,27,29,22,36%,,,,,,,,,
Kyle Lowry,Philadelphia 76ers,-2.3,-0.6,-2.9,0.63,18,31,18,22,38,22,32%,,,,,,,,,
Tyler Burton,Memphis Grizzlies,-2.1,-0.8,-2.9,0.62,19,27,18,24,33,21,31%,,,,,,,,,
Malevy Leons,Golden State Warriors,-1.8,-1.1,-2.9,0.48,22,21,18,28,26,21,24%,,,,,,,,,
Norchad Omier,Los Angeles Clippers,-1.9,-1.0,-3.0,0.70,22,23,18,27,27,21,35%,,,,,,,,,
Julian Reese,Washington Wizards,-1.8,-1.2,-3.0,0.42,22,20,17,28,24,21,21%,,,,,,,,,
David Roddy,Denver Nuggets,-2.5,-0.5,-3.0,0.31,16,33,17,20,40,21,15%,,,,,,,,,
Will Riley,Washington Wizards,-1.2,-1.8,-3.0,0.50,29,8,17,36,10,21,25%,,,,,,,,,
CJ Huntley,Phoenix Suns,-2.4,-0.6,-3.0,0.79,17,30,17,22,36,21,39%,,,,,,,,,
Dalano Banton,Boston Celtics,-2.9,-0.2,-3.0,0.45,13,39,17,16,47,21,23%,,,,,,,,,
Caleb Martin,Dallas Mavericks,-3.7,0.7,-3.0,0.18,5,54,17,6,60,21,9%,,,,,,,,,
Tidjane Salaun,Charlotte Hornets,-3.2,0.2,-3.0,0.16,9,45,17,12,53,21,8%,,,,,,,,,
Nate Williams,Golden State Warriors,-1.6,-1.4,-3.0,0.31,25,15,17,31,18,20,15%,,,,,,,,,
DaQuan Jeffries,Sacramento Kings,-1.9,-1.1,-3.0,0.50,22,21,17,27,25,20,25%,,,,,,,,,
Amir Coffey,Phoenix Suns,-2.7,-0.3,-3.0,0.56,14,37,17,17,44,20,28%,,,,,,,,,
Trey Alexander,New Orleans Pelicans,-2.3,-0.7,-3.0,0.54,18,29,17,22,35,20,27%,,,,,,,,,
Alondes Williams,Washington Wizards,-2.2,-0.8,-3.0,0.56,19,27,17,23,32,20,28%,,,,,,,,,
Jahmyl Telfort,Los Angeles Clippers,-2.4,-0.6,-3.1,0.65,17,30,17,21,36,20,32%,,,,,,,,,
Isaiah Stevens,Sacramento Kings,-2.2,-0.9,-3.1,0.78,19,25,17,24,30,20,39%,,,,,,,,,
Isaac Jones,Detroit Pistons,-2.4,-0.7,-3.1,0.59,17,29,17,22,35,20,29%,,,,,,,,,
Jaden Ivey,Chicago Bulls,-2.3,-0.7,-3.1,0.46,18,28,17,22,34,20,23%,,,,,,,,,
Isaiah Crawford,Houston Rockets,-2.4,-0.7,-3.1,0.66,17,30,17,21,35,20,33%,,,,,,,,,
Walter Clayton Jr.,Memphis Grizzlies,-1.4,-1.7,-3.1,0.26,27,11,17,33,13,20,13%,,,,,,,,,
Xavier Tillman,Charlotte Hornets,-3.4,0.3,-3.1,0.74,8,47,17,10,55,20,37%,,,,,,,,,
Drew Timme,Los Angeles Lakers,-2.2,-0.9,-3.1,0.30,19,25,17,24,30,20,15%,,,,,,,,,
Josh Oduro,New Orleans Pelicans,-2.1,-1.0,-3.1,0.87,20,24,16,24,28,20,44%,,,,,,,,,
Trendon Watford,Philadelphia 76ers,-2.5,-0.6,-3.1,0.33,16,30,16,20,36,19,16%,,,,,,,,,
Pete Nance,Milwaukee Bucks,-1.9,-1.3,-3.2,0.44,22,19,16,27,22,19,22%,,,,,,,,,
Rocco Zikarsky,Minnesota Timberwolves,-2.6,-0.6,-3.2,0.62,15,31,16,19,37,19,31%,,,,,,,,,
Taelon Peter,Indiana Pacers,-2.7,-0.5,-3.2,0.51,15,33,16,18,39,19,26%,,,,,,,,,
Wendell Moore Jr.,Detroit Pistons,-3.1,0.0,-3.2,0.44,10,41,16,12,49,19,22%,,,,,,,,,
Zeke Nnaji,Denver Nuggets,-3.5,0.3,-3.2,0.80,6,48,16,8,56,19,40%,,,,,,,,,
Adou Thiero,Los Angeles Lakers,-2.5,-0.7,-3.2,0.63,16,29,16,20,35,19,32%,,,,,,,,,
Joe Ingles,Minnesota Timberwolves,-1.9,-1.3,-3.2,1.01,22,18,16,27,21,19,51%,,,,,,,,,
Jonathan Mogbo,Toronto Raptors,-3.3,0.1,-3.2,0.44,8,44,16,10,52,19,22%,,,,,,,,,
Eric Gordon,Memphis Grizzlies,-1.9,-1.3,-3.2,0.49,22,17,16,27,21,19,24%,,,,,,,,,
Harrison Ingram,San Antonio Spurs,-2.7,-0.5,-3.2,0.75,14,32,16,18,38,19,38%,,,,,,,,,
Vladislav Goldin,Miami Heat,-2.4,-0.8,-3.2,0.71,17,27,16,21,32,19,36%,,,,,,,,,
Darius Brown,Cleveland Cavaliers,-2.3,-0.9,-3.2,0.62,18,25,15,22,30,18,31%,,,,,,,,,
Yang Hansen,Portland Trail Blazers,-2.8,-0.5,-3.2,0.41,14,33,15,17,39,18,21%,,,,,,,,,
Pat Spencer,Golden State Warriors,-1.7,-1.5,-3.2,0.71,24,14,15,29,16,18,36%,,,,,,,,,
Rob Dillingham,Chicago Bulls,-3.0,-0.2,-3.2,0.77,11,37,15,14,45,18,39%,,,,,,,,,
Dariq Whitehead,Memphis Grizzlies,-2.0,-1.3,-3.2,0.20,21,18,15,27,22,18,10%,,,,,,,,,
Killian Hayes,Sacramento Kings,-3.2,-0.1,-3.3,0.35,10,40,15,12,48,18,18%,,,,,,,,,
Jalen Wilson,Brooklyn Nets,-2.1,-1.2,-3.3,0.54,20,21,15,25,25,18,27%,,,,,,,,,
Lucas Williamson,Memphis Grizzlies,-1.8,-1.5,-3.3,0.42,23,14,15,28,17,18,21%,,,,,,,,,
Drew Eubanks,Sacramento Kings,-2.5,-0.8,-3.3,0.56,16,27,15,20,32,18,28%,,,,,,,,,
Trevon Scott,Brooklyn Nets,-2.2,-1.1,-3.3,0.42,19,21,15,24,26,18,21%,,,,,,,,,
Enrique Freeman,Minnesota Timberwolves,-2.5,-0.8,-3.3,0.81,16,27,15,20,32,18,40%,,,,,,,,,
Bez Mbeng,Utah Jazz,-2.5,-0.9,-3.3,0.49,17,26,15,21,31,18,24%,,,,,,,,,
Zyon Pullin,Minnesota Timberwolves,-2.3,-1.1,-3.4,0.49,18,21,14,23,25,17,24%,,,,,,,,,
Alex Morales,Orlando Magic,-2.7,-0.6,-3.4,0.75,14,30,14,17,36,17,38%,,,,,,,,,
Sharife Cooper,Washington Wizards,-1.8,-1.6,-3.4,0.44,23,13,14,28,15,17,22%,,,,,,,,,
Chris Manon,Los Angeles Lakers,-2.5,-0.9,-3.4,0.63,16,26,14,20,31,17,31%,,,,,,,,,
AJ Johnson,Dallas Mavericks,-2.9,-0.5,-3.4,0.35,12,32,14,15,39,17,18%,,,,,,,,,
Mason Plumlee,San Antonio Spurs,-2.3,-1.1,-3.4,0.57,18,21,14,23,25,17,29%,,,,,,,,,
Dalton Knecht,Los Angeles Lakers,-1.8,-1.6,-3.4,0.37,23,12,14,28,15,17,19%,,,,,,,,,
Tyson Etienne,Brooklyn Nets,-1.7,-1.8,-3.5,0.41,24,8,14,30,10,16,21%,,,,,,,,,
Stanley Umude,San Antonio Spurs,-2.8,-0.7,-3.5,0.39,13,30,14,16,36,16,20%,,,,,,,,,
Adama Bal,Memphis Grizzlies,-2.4,-1.1,-3.5,0.44,17,22,14,21,26,16,22%,,,,,,,,,
Omer Yurtseven,Golden State Warriors,-2.6,-0.9,-3.5,0.54,15,25,13,19,30,16,27%,,,,,,,,,
Kyle Kuzma,Milwaukee Bucks,-2.4,-1.1,-3.5,0.52,17,22,13,21,26,16,26%,,,,,,,,,
Blake Wesley,Portland Trail Blazers,-3.2,-0.4,-3.5,0.11,10,35,13,12,42,16,6%,,,,,,,,,
Hunter Sallis,Philadelphia 76ers,-2.8,-0.7,-3.6,0.63,13,28,13,16,34,15,31%,,,,,,,,,
Kam Jones,Indiana Pacers,-2.4,-1.3,-3.6,0.21,17,19,12,22,22,15,11%,,,,,,,,,
Mo Bamba,Utah Jazz,-2.9,-0.7,-3.6,0.37,12,29,12,15,35,15,18%,,,,,,,,,
Jeremiah Robinson-Earl,Dallas Mavericks,-1.8,-1.9,-3.6,0.34,23,7,12,29,8,14,17%,,,,,,,,,
Amari Williams,Boston Celtics,-3.5,-0.1,-3.7,0.65,6,39,12,8,47,14,32%,,,,,,,,,
Kobe Brown,Indiana Pacers,-1.9,-1.8,-3.7,0.24,22,9,12,28,10,14,12%,,,,,,,,,
Doug McDermott,Sacramento Kings,-1.8,-1.9,-3.7,0.40,23,7,12,29,8,14,20%,,,,,,,,,
Malaki Branham,Charlotte Hornets,-3.0,-0.7,-3.7,0.25,12,28,12,15,34,14,13%,,,,,,,,,
Gary Harris,Milwaukee Bucks,-3.7,-0.1,-3.7,0.32,5,41,11,6,49,14,16%,,,,,,,,,
Leaky Black,Washington Wizards,-2.5,-1.2,-3.8,0.20,16,19,11,20,23,13,10%,,,,,,,,,
Jericho Sims,Milwaukee Bucks,-2.1,-1.7,-3.8,0.63,20,11,11,25,13,13,31%,,,,,,,,,
Toby Okani,Memphis Grizzlies,-2.3,-1.4,-3.8,0.32,18,15,11,22,18,13,16%,,,,,,,,,
DeAndre Jordan,New Orleans Pelicans,-3.1,-0.7,-3.8,0.60,10,29,11,13,35,13,30%,,,,,,,,,
Tre Mann,Charlotte Hornets,-2.8,-1.0,-3.8,0.40,13,23,11,17,28,13,20%,,,,,,,,,
Hunter Dickinson,New Orleans Pelicans,-2.6,-1.2,-3.8,0.67,15,20,11,19,24,13,33%,,,,,,,,,
Patrick Williams,Chicago Bulls,-3.6,-0.2,-3.8,0.32,6,38,11,7,45,13,16%,,,,,,,,,
Isaiah Livers,Phoenix Suns,-3.0,-0.9,-3.8,0.21,12,26,11,14,31,13,11%,,,,,,,,,
Brooks Barnhizer,Oklahoma City Thunder,-3.2,-0.6,-3.8,0.51,9,30,11,12,36,13,26%,,,,,,,,,
Maxi Kleber,Los Angeles Lakers,-3.3,-0.5,-3.9,0.46,8,32,10,10,39,12,23%,,,,,,,,,
Keshon Gilbert,Atlanta Hawks,-3.2,-0.7,-3.9,0.79,10,28,10,12,34,12,39%,,,,,,,,,
Bronny James,Los Angeles Lakers,-3.1,-0.9,-4.0,0.37,10,26,9,13,31,11,18%,,,,,,,,,
Isaiah Collier,Utah Jazz,-1.9,-2.2,-4.1,0.31,22,1,9,28,1,11,16%,,,,,,,,,
Skal Labissiere,Washington Wizards,-3.1,-1.1,-4.2,0.58,11,22,8,13,26,10,29%,,,,,,,,,
Ben Saraf,Brooklyn Nets,-3.6,-0.7,-4.3,0.47,6,29,7,7,35,8,24%,,,,,,,,,
Bub Carrington,Washington Wizards,-2.5,-1.8,-4.3,0.52,16,9,7,20,11,8,26%,,,,,,,,,
Jeff Green,Houston Rockets,-2.3,-2.0,-4.3,0.15,18,6,7,22,7,8,7%,,,,,,,,,
Markelle Fultz,Toronto Raptors,-4.0,-0.3,-4.3,0.58,2,36,6,2,43,8,29%,,,,,,,,,
Cody Williams,Utah Jazz,-2.9,-1.5,-4.4,0.38,12,15,6,15,18,7,19%,,,,,,,,,
Nick Smith Jr.,Los Angeles Lakers,-3.0,-1.4,-4.4,0.33,12,15,6,15,18,7,17%,,,,,,,,,
Drake Powell,Brooklyn Nets,-4.0,-0.4,-4.4,0.41,1,35,6,2,42,7,21%,,,,,,,,,
Jordan Hawkins,New Orleans Pelicans,-2.7,-1.7,-4.4,0.12,14,10,6,17,12,7,6%,,,,,,,,,
Garrett Temple,Toronto Raptors,-4.2,-0.4,-4.6,0.62,0,35,4,-1,41,5,31%,,,,,,,,,
Mouhamadou Gueye,Chicago Bulls,-3.6,-1.1,-4.6,0.55,6,22,4,8,26,5,28%,,,,,,,,,
Anthony Gill,Washington Wizards,-2.8,-1.8,-4.7,0.46,13,8,4,16,10,5,23%,,,,,,,,,
Jahmai Mashack,Memphis Grizzlies,-3.5,-1.2,-4.7,0.22,7,19,3,9,23,4,11%,,,,,,,,,
Trey Jemison III,New York Knicks,-4.1,-0.7,-4.8,0.33,1,28,2,1,34,3,16%,,,,,,,,,
Nigel Hayes-Davis,Milwaukee Bucks,-3.8,-1.1,-4.9,0.48,4,22,2,5,26,3,24%,,,,,,,,,
Thanasis Antetokounmpo,Milwaukee Bucks,-4.4,-0.5,-4.9,0.43,-2,32,2,-2,39,2,22%,,,,,,,,,
James Wiseman,Indiana Pacers,-3.6,-1.3,-4.9,0.20,5,18,2,7,22,2,10%,,,,,,,,,
Taj Gibson,Memphis Grizzlies,-4.1,-0.8,-5.0,0.28,1,26,1,1,31,2,14%,,,,,,,,,
Nick Richards,Chicago Bulls,-2.5,-2.7,-5.2,0.19,16,-8,-1,20,-10,-1,9%,,,,,,,,,
Rayan Rupert,Memphis Grizzlies,-4.2,-1.1,-5.3,0.30,0,21,-2,-1,25,-2,15%,,,,,,,,,
Bismack Biyombo,San Antonio Spurs,-5.2,-1.8,-7.0,0.22,-10,9,-15,-12,11,-18,11%,,,,,,,,,