lam_ratio,lam,mean_mse,diff_vs_best,diff_se,in_1se_band,reml_neg2ll
0.25,100.0,7264.597392801033,187.39732751319625,5.624590982499774,False,7676.480580901029
0.25,126.73439348306668,7249.800901198934,172.60083591109907,5.417776371791495,False,6781.61525388062
0.25,160.61606491520791,7234.700213923636,157.5001486357998,5.196773083211815,False,5940.447503585834
0.25,203.55579570665742,7219.471690460761,142.2716251729258,4.962601416795804,False,5156.090361930197
0.25,257.9752030884629,7204.311925618672,127.11186033083686,4.717000471052895,False,4431.082558071241
0.25,326.9433089708729,7189.428364952238,112.22829966440204,4.462167782180428,False,3767.252410883084
0.25,414.3496196577045,7175.027832030813,97.82776674297857,4.200485238332264,False,3165.6082668229938
0.25,525.1234773725855,7161.304680867135,84.10461557929939,3.934309127977513,False,2626.2675597942434
0.25,665.5120540853359,7148.430397367658,71.23033207982226,3.665878381476924,False,2148.4325473275967
0.25,843.4326653017499,7136.546037655164,59.3459723673288,3.3973539848280323,False,1730.414780467283
0.25,1068.9192728082367,7125.7580499319765,48.55798464414183,3.1309434803547176,False,1369.703865105752
0.25,1354.6883572171257,7116.137119893788,38.937054605952106,2.8690022957796857,False,1063.0711160274222
0.25,1716.8560731048442,7107.719094865917,30.519029578080517,2.6139806340748213,False,806.6968385810032
0.25,2175.8471312266224,7100.506999185651,23.306933897815362,2.368146241595095,False,596.3112021235283
0.25,2757.546664878766,7094.473571440081,17.273506152246227,2.1331558130869785,False,427.34137046011165
0.25,3494.760040746641,7089.56430797859,12.364242690752326,1.9096890685499157,False,295.05957570229657
0.25,4429.06294132883,7085.701337133563,8.501271845728843,1.6973840060419325,False,194.72696367581375
0.25,5613.146055676366,7082.788411512576,5.588346224740235,1.4951735442475342,False,121.72673827130347
0.25,7113.78660898013,7080.716962648903,3.5168973610674583,1.3019104296404416,False,71.67889785813168
0.25,9015.614312570586,7079.37271060068,2.1726453128447245,1.1170360459436888,False,40.52910450124182
0.25,11425.884117808895,7078.641961151708,1.441895863872014,0.9410861135729356,False,24.606533726211637
0.25,14480.524936783147,7078.4166171084535,1.216551820618588,0.7759894020596144,False,20.649673082400113
0.25,18351.805451796346,7078.597187976831,1.397122688996569,0.6253077121864892,False,25.804154498502612
0.25,23258.049332526516,7079.093687143757,1.893621855922356,0.49470929862745894,False,37.60144410468638
0.25,29475.94775756986,7079.825029032247,2.6249637444107066,0.3928110552586863,False,53.92973910551518
0.25,37356.16361394183,7080.718003238064,3.5179379502278607,0.3307847028706174,False,73.00722499052063
0.25,47343.107384671224,7081.706826052769,4.506760764934006,0.31527177690973995,False,93.36297981487587
0.25,60000.0,7082.733696443129,5.5336311552942785,0.3377246025051287,False,113.82440239773132
0.33,100.0,7257.424086809877,180.22402152204123,5.567392765712704,False,7062.304349184502
0.33,126.73439348306668,7242.17579973304,164.9757344452035,5.355997513762503,False,6191.9644923442975
0.33,160.61606491520791,7226.64661333278,149.44654804494567,5.125541786338181,False,5377.843379200203
0.33,203.55579570665742,7211.034009988051,133.83394470021594,4.876382584802113,False,4623.057884966489
0.33,257.9752030884629,7195.5592711331265,118.3592058452914,4.610300979895601,False,3930.0796648589894
0.33,326.9433089708729,7180.456229521327,103.25616423349075,4.330207835768573,False,3300.5804589665495
0.33,414.3496196577045,7165.957246265925,88.75718097809059,4.03972617090322,False,2735.304311709013
0.33,525.1234773725855,7152.278364237727,75.07829894989246,3.7427889666229044,False,2233.983150352491
0.33,665.5120540853359,7139.6058099098755,62.40574462203858,3.4433620382854655,False,1795.3088533016853
0.33,843.4326653017499,7128.085671851729,50.88560656389272,3.145324693435399,False,1416.968299510423
0.33,1068.9192728082367,7117.817803678331,40.617738390495106,2.8524463829559226,False,1095.739475033246
0.33,1354.6883572171257,7108.85409478843,31.65402950059488,2.5683325034572655,False,827.6388763580471
0.33,1716.8560731048442,7101.200560216297,24.000494928461194,2.296225928834779,False,608.1051007830538
0.33,2175.8471312266224,7094.822384102465,17.6223188146294,2.038657069281749,False,432.20117093017325
0.33,2757.546664878766,7089.651022035752,12.450956747916644,1.7970804753766492,False,294.8180847829208
0.33,3494.760040746641,7085.592512431516,8.39244714368142,1.5717153284408139,False,190.8634133739397
0.33,4429.06294132883,7082.536140372448,5.33607508461373,1.3617445426643504,False,115.42129828967154
0.33,5613.146055676366,7080.362590250603,3.162524962767384,1.1658542129470717,False,63.87430209480226
0.33,7113.78660898013,7078.950833922756,1.750768634920314,0.9829382825532713,False,31.98322060983628
0.33,9015.614312570586,7078.1832570974275,0.9831918095926084,0.8127685505453697,False,15.927176436409354
0.33,11425.884117808895,7077.948853617522,0.748788329686431,0.6565580082319995,False,12.311547215096653
0.33,14480.524936783147,7078.144646070616,0.9445807827789394,0.5175720392578343,False,18.154418508289382
0.33,18351.805451796346,7078.675805799857,1.4757405120208205,0.40215202421688223,False,30.862952559487894
0.33,23258.049332526516,7079.455201682387,2.255136394551664,0.3209757804538048,False,48.209414509590715
0.33,29475.94775756986,7080.403170605871,3.2031053180357048,0.286206145575224,False,68.3128331839107
0.33,37356.16361394183,7081.448048550784,4.247983262947855,0.2978266420804872,False,89.62714094505645
0.33,47343.107384671224,7082.5274864599605,5.327421172124195,0.33835779964252805,False,110.93177566444501
0.33,60000.0,7083.590063245775,6.3899979579393404,0.38946061140919724,False,131.31815853668377
0.5,100.0,7245.554371269192,168.35430598135753,5.4907304312431195,False,6199.236524719279
0.5,126.73439348306668,7229.688758555855,152.48869326801886,5.261765898692954,False,5371.250558627071
0.5,160.61606491520791,7213.629735500494,136.42967021265866,5.004750414101309,False,4603.216584425187
0.5,203.55579570665742,7197.614042301551,120.41397701371625,4.720671814973603,False,3898.0823928485624
0.5,257.9752030884629,7181.902484271093,104.70241898325858,4.412791245217078,False,3258.003438636195
0.5,326.9433089708729,7166.764353223063,89.564287935227,4.086117180807677,False,2684.164773835102
0.5,414.3496196577045,7152.4588117187905,75.25874643095467,3.746750975654436,False,2176.640551327262
0.5,525.1234773725855,7139.215780250405,62.015714962568744,3.40128276661752,False,1734.3146675075404
0.5,665.5120540853359,7127.219155280353,50.019089992518275,3.0563266737646995,False,1354.8809124082327
0.5,843.4326653017499,7116.594865302852,39.394800015015974,2.7181760472260854,False,1034.9307629894465
0.5,1068.9192728082367,7107.405411069281,30.20534578144543,2.392500226219685,False,770.1237954781391
0.5,1354.6883572171257,7099.65136706246,22.451301774624152,2.0840248061872417,False,555.4226529938169
0.5,1716.8560731048442,7093.279134093211,16.079068805375208,1.7962160707917658,False,385.3645185099449
0.5,2175.8471312266224,7088.193253502621,10.993188214785732,1.5310672885456789,False,254.3361332975328
0.5,2757.546664878766,7084.270952366403,7.070887078566921,1.289102220399014,False,156.8204549876973
0.5,3494.760040746641,7081.376378655483,4.176313367648072,1.0696561551124195,False,87.58992324071005
0.5,4429.06294132883,7079.372288710234,2.172223422397292,0.8714092805514912,False,41.83279673708603
0.5,5613.146055676366,7078.127765072648,0.9276997848122847,0.6931004003601394,False,15.212733058258891
0.5,7113.78660898013,7077.521685505366,0.32162021752992587,0.5344109673370285,True,3.8743195184506476
0.5,9015.614312570586,7077.442783669265,0.24271838142922206,0.39728471810397376,True,4.415270965080708
0.5,11425.884117808895,7077.787877109486,0.5878118216489383,0.28858559377567194,False,13.84750477434136
0.5,14480.524936783147,7078.459983488521,1.2599182006866614,0.22424512197202828,False,29.564493377460167
0.5,18351.805451796346,7079.367619217786,2.1675539299511,0.2205536386711391,False,49.32341463188641
0.5,23258.049332526516,7080.425782850107,3.2257175622711656,0.26328790347596515,False,71.24099940038286
0.5,29475.94775756986,7081.558283839881,4.3582185520455825,0.3232492853535031,False,93.79485873412341
0.5,37356.16361394183,7082.700501486352,5.50043619851549,0.38429990114576734,False,115.81953823799267
0.5,47343.107384671224,7083.801539274716,6.6014739868795,0.4403366063533877,False,136.48879091162235
0.5,60000.0,7084.825051405253,7.624986117417211,0.48941130060048277,False,155.2809013200458
0.75,100.0,7232.784901550865,155.5848362630286,5.410116153362761,False,5432.151996031636
0.75,126.73439348306668,7216.4859453756335,139.2858800877979,5.148258455377883,False,4651.854505411349
0.75,160.61606491520791,7200.152061596546,122.95199630871139,4.850391987385136,False,3934.7635329605546
0.75,203.55579570665742,7184.0568227648855,106.85675747704845,4.51957912664582,False,3283.387989928946
0.75,257.9752030884629,7168.489640933074,91.28957564523989,4.161561817531976,False,2699.2676171008497
0.75,326.9433089708729,7153.73582549374,76.5357602059039,3.7840315575551973,False,2182.795915255323
0.75,414.3496196577045,7140.054638865845,62.85457357800969,3.395811363973114,False,1733.1021358515136
0.75,525.1234773725855,7127.658503523533,50.45843823569667,3.0060813909434008,False,1348.018329043407
0.75,665.5120540853359,7116.696701181134,39.49663589329812,2.6236882635856316,False,1024.14775393717
0.75,843.4326653017499,7107.246351456119,30.046286168283586,2.2565278057626434,False,757.0356777519919
0.75,1068.9192728082367,7099.312180903379,22.11211561554337,1.911013744411898,False,541.4258118579164
0.75,1354.6883572171257,7092.834862527976,15.634797240140506,1.591702335401571,False,371.5697472090833
0.75,1716.8560731048442,7087.705970801093,10.505905513257494,1.3011632178422792,False,241.54714235221036
0.75,2175.8471312266224,7083.786330018132,6.586264730295261,1.0401367067576497,False,145.55393017549068
0.75,2757.546664878766,7080.924068655369,3.724003367534169,0.8079364005394112,False,78.12472751107998
0.75,3494.760040746641,7078.969136220092,1.769070932255636,0.6030222985738813,False,34.27159160375595
0.75,4429.06294132883,7077.782264309069,0.5821990212336459,0.4237666674836446,False,9.540044132852927
0.75,5613.146055676366,7077.238032494528,0.03796720669106435,0.26994331167076135,True,0.0
0.75,7113.78660898013,7077.22335535243,0.023290064595676084,0.1488059144168071,True,2.1996033876203
0.75,9015.614312570586,7077.633812625977,0.43374733814180216,0.10545077833115608,False,13.111415334511548
0.75,11425.884117808895,7078.370411288621,1.1703460007838657,0.16538350882536826,False,30.093007704243064
0.75,14480.524936783147,7079.338563293565,2.138498005729525,0.24744386463775386,False,50.87090405263007
0.75,18351.805451796346,7080.449689615428,3.249624327593119,0.3245244053448756,False,73.543218835257
0.75,23258.049332526516,7081.624577024391,4.424511736556087,0.3923819741465864,False,96.58750532800332
0.75,29475.94775756986,7082.7969664796165,5.596901191780489,0.45061464237865956,False,118.85896368091926
0.75,37356.16361394183,7083.915990712984,6.715925425148089,0.499789410389953,False,139.56936255143955
0.75,47343.107384671224,7084.946743708247,7.746678420411081,0.5408043932854365,False,158.24515442596748
0.75,60000.0,7085.869022326515,8.668957038679219,0.5746680513931969,False,174.67027414194308
1.0,100.0,7223.183348976201,145.98328368836482,5.336003222231392,False,4938.848456245614
1.0,126.73439348306668,7206.74917195376,129.54910666592497,5.041655054357897,False,4195.77109186817
1.0,160.61606491520791,7190.433801756927,113.23373646909185,4.707484875371333,False,3517.7078353133984
1.0,203.55579570665742,7174.527605092679,97.32753980484213,4.338591129719972,False,2906.6651962546166
1.0,257.9752030884629,7159.3259105982215,82.12584531038593,3.942822637108899,False,2363.560419732239
1.0,326.9433089708729,7145.107234475526,67.90716918768867,3.5299139291738286,False,1888.069111560937
1.0,414.3496196577045,7132.111017658116,54.910952370279304,3.110530342655413,False,1478.5488937625196
1.0,525.1234773725855,7120.5182806256635,43.31821533782822,2.6953372231423005,False,1132.061741834972
1.0,665.5120540853359,7110.438533173998,33.23846788616174,2.2941512560708803,False,844.5043262867257
1.0,843.4326653017499,7101.90536085428,24.705295566444512,1.9152198003926892,False,610.8375892504118
1.0,1068.9192728082367,7094.8814404568675,17.681375169032073,1.5647017350437737,False,425.38810061244294
1.0,1354.6883572171257,7089.27172885322,12.071663565385824,1.2464350765672245,False,282.1797082591802
1.0,1716.8560731048442,7084.941826931038,7.741761643201426,0.9620271114422376,False,175.24903898569755
1.0,2175.8471312266224,7081.737580770359,4.53751548252294,0.7112096402376424,False,98.90423397533596
1.0,2757.546664878766,7079.502097430413,2.302032142577809,0.49233067542832987,False,47.90120292571373
1.0,3494.760040746641,7078.087435469672,0.8873701818365589,0.3028523825072102,False,17.531298600602895
1.0,4429.06294132883,7077.359942115616,0.1598768277799536,0.13977960033567066,False,3.6332926109898835
1.0,5613.146055676366,7077.200065287836,0.0,0.0,True,2.5560416793450713
1.0,7113.78660898013,7077.498916090069,0.2988508022323003,0.11946210773279033,False,11.103008549660444
1.0,9015.614312570586,7078.1544066218175,0.9543413339828476,0.2212830007692917,False,26.4849828958977
1.0,11425.884117808895,7079.06924485649,1.8691795686545447,0.3077743485738857,False,46.29511726810597
1.0,14480.524936783147,7080.151715636722,2.9516503488863237,0.38090381043343297,False,68.50570326088928
1.0,18351.805451796346,7081.31868724778,4.118621959944721,0.4423659749757929,False,91.47484619915485
1.0,23258.049332526516,7082.499345871399,5.299280583562904,0.4936609147029068,False,113.94736406719312
1.0,29475.94775756986,7083.638085883967,6.438020596130627,0.5361509858569438,False,135.03802005108446
1.0,37356.16361394183,7084.695589066529,7.495523778692768,0.5710877556775766,False,154.19328998634592
1.0,47343.107384671224,7085.647948457717,8.447883169881061,0.5996163441224729,False,171.1357858227566
1.0,60000.0,7086.484318963002,9.284253675166292,0.6227694254139916,False,185.800060513895
1.5,100.0,7209.28761151433,132.08754622649448,5.188637760437085,False,4322.573359338567
1.5,126.73439348306668,7192.9949347500005,115.79486946216494,4.83897618943952,False,3635.504694169387
1.5,160.61606491520791,7177.072750468311,99.87268518047476,4.448111345444042,False,3014.869816607563
1.5,203.55579570665742,7161.810897336452,84.61083204861697,4.024448079950911,False,2461.723964483477
1.5,257.9752030884629,7147.485022359676,70.28495707183993,3.5788887708365893,False,1975.9259636625648
1.5,326.9433089708729,7134.33578028326,57.13571499542486,3.123737635523308,False,1556.0553749457467
1.5,414.3496196577045,7122.550214815378,45.35014952754282,2.6715482051942443,False,1199.4203620064072
1.5,525.1234773725855,7112.248368536764,35.04830324892828,2.234066389131406,False,902.1667115518358
1.5,665.5120540853359,7103.477543344847,26.27747805701074,1.8213842634152744,False,659.4823985551484
1.5,843.4326653017499,7096.215264588609,19.01519930077284,1.4413933473946483,False,465.87478030472994
1.5,1068.9192728082367,7090.380189389829,13.180124101992623,1.0996120252535644,False,315.48370418325067
1.5,1354.6883572171257,7085.848485809323,8.648420521488152,0.7994734068969257,False,202.38785657752305
1.5,1716.8560731048442,7082.4721539206275,5.2720886327922925,0.5433352135353012,False,120.86558225308545
1.5,2175.8471312266224,7080.095687669757,2.895622381922658,0.3355735702051778,False,65.58396766427904
1.5,2757.546664878766,7078.568362274282,1.3682969864459664,0.19514798243338213,False,31.707365250913426
1.5,3494.760040746641,7077.750953028508,0.5508877406720785,0.17530168428405934,False,14.933798582060263
1.5,4429.06294132883,7077.517361060136,0.3172957722998035,0.24728610154872063,False,11.480369042605162
1.5,5613.146055676366,7077.752926566362,0.5528612785263249,0.3310860482086625,False,18.04398618079722
1.5,7113.78660898013,7078.35175435679,1.1516890689546926,0.40484386313618714,False,31.76079091243446
1.5,9015.614312570586,7079.215033553124,2.014968265290372,0.46592836901271234,False,50.17836027848534
1.5,11425.884117808895,7080.251328004704,3.0512627168687687,0.5155253083742599,False,71.24306941358373
1.5,14480.524936783147,7081.378637926956,4.178572639119738,0.555499573329782,False,93.29539453983307
1.5,18351.805451796346,7082.527201793453,5.327136505618728,0.5876276981164311,False,115.06174119748175
1.5,23258.049332526516,7083.641801512773,6.441736224937268,0.6134153476906511,False,135.6331657199189
1.5,29475.94775756986,7084.6826928655155,7.482627577679523,0.6340899487119175,False,154.427072098013
1.5,37356.16361394183,7085.624904549326,8.424839261490707,0.6506420090246788,False,171.13432266330346
1.5,47343.107384671224,7086.4562005423795,9.256135254544096,0.6638714917373727,False,185.65848295902833
1.5,60000.0,7087.1742898325465,9.97422454471016,0.6744264781873336,False,198.05507474159822
2.0,100.0,7199.507130559903,122.30706527206749,5.04427218165256,False,3944.6871567498893
2.0,126.73439348306668,7183.583451233475,106.3833859456392,4.6522639011800875,False,3298.709945206763
2.0,160.61606491520791,7168.208774944365,91.00870965653084,4.221542248511712,False,2719.1413474744186
2.0,203.55579570665742,7153.65184837887,76.45178309103467,3.762837578634907,False,2206.2575575984083
2.0,257.9752030884629,7140.154684116453,62.954618828617825,3.2888877031822497,False,1759.1397373997606
2.0,326.9433089708729,7127.9154536536735,50.71538836583786,2.813224544566491,False,1375.6544859451242
2.0,414.3496196577045,7117.07502677765,39.87496148981536,2.3490112942843746,False,1052.5216706814244
2.0,525.1234773725855,7107.709283355209,30.509218067373332,1.908113341537153,False,785.4689442235976
2.0,665.5120540853359,7099.8284683576,22.628403069765227,1.5005459556871403,False,569.458307950059
2.0,843.4326653017499,7093.383574959839,16.183509672003492,1.1344424784479303,False,398.957762199454
2.0,1068.9192728082367,7088.278342359108,11.07827707127235,0.8168446829528311,False,268.22386529506184
2.0,1354.6883572171257,7084.384364091422,7.184298803586898,0.5562954769085164,False,171.56108218827285
2.0,1716.8560731048442,7081.556373774813,4.3563084869776505,0.3700349219062493,False,103.53114189975895
2.0,2175.8471312266224,7079.645143625792,2.4450783379556014,0.29143679338200457,False,59.09805688331835
2.0,2757.546664878766,7078.506447379664,1.3063820918281634,0.3212763264452421,False,33.70840609772131
2.0,3494.760040746641,7078.005825621684,0.805760333849139,0.3946967546409526,False,23.318175932392478
2.0,4429.06294132883,7078.02000090297,0.8199356151348184,0.4682093604557104,False,24.384114460088313
2.0,5613.146055676366,7078.436396457716,1.2363311698807593,0.5292625873793315,False,33.83821585588157
2.0,7113.78660898013,7079.152228848723,1.9521635608873111,0.576427389793588,False,49.0595950265415
2.0,9015.614312570586,7080.07420513994,2.8741398521044177,0.6115658950641959,False,67.85098270792514
2.0,11425.884117808895,7081.119202016355,3.919136728518242,0.637284141830932,False,88.42007499514148
2.0,14480.524936783147,7082.215684427848,5.015619140011404,0.6560231861509296,False,109.36117356643081
2.0,18351.805451796346,7083.305229274216,6.105163986378647,0.6697548895289337,False,129.63105421327055
2.0,23258.049332526516,7084.343456700927,7.143391413092649,0.6799432341563951,False,148.514663268812
2.0,29475.94775756986,7085.299907578378,8.099842290542256,0.6876195964479368,False,165.57983227167279
2.0,37356.16361394183,7086.15678933084,8.956724043004396,0.6934905321259455,False,180.62393730459735
2.0,47343.107384671224,7086.90685448855,9.70678920071532,0.6980370773899038,False,193.61779029062018
2.0,60000.0,7087.550852612988,10.350787325152305,0.7015907195186404,False,204.65241458592936
